"group","item1","item2","q3","sibling","excess"
"D1","D1-04s023","D1-04s014",0.0195799335953231,TRUE,0.0650873862181498
"D1","D1-09s016","D1-09s018",0.000935777367748154,TRUE,0.0464432299905749
"D1","D1-01s001","D1-01s003",-0.0278255212695366,TRUE,0.0176819313532901
"D1","D1-09s016","D1-09s032",0.0529043732926414,TRUE,0.0984118259154681
"D1","D1-09s018","D1-09s032",0.000151588111274575,TRUE,0.0456590407341013
"D1","D1-02s012","D1-02s013",0.0516995680675589,TRUE,0.0972070206903856
"D1","D1-04s023","D1-04s020",0.00403519234216328,TRUE,0.04954264496499
"D1","D1-04s014","D1-04s020",0.00251628705216664,TRUE,0.0480237396749933
"D1","D1-02s012","D1-02s011",0.00348859171039626,TRUE,0.048996044333223
"D1","D1-02s013","D1-02s011",0.0086210951743651,TRUE,0.0541285477971918
"D1","D1-06s024","D1-06s015",-0.0671226243143826,TRUE,-0.0216151716915559
"D1","D1-06s024","D1-06s025",-0.0503878441503903,TRUE,-0.00488039152756359
"D1","D1-06s015","D1-06s025",0.0694688826562702,TRUE,0.114976335279097
"D1","D1-01s001","D1-01s009",0.133642091413312,TRUE,0.179149544036138
"D1","D1-01s003","D1-01s009",-0.0153442298817668,TRUE,0.0301632227410599
"D1","D1-02s012","D1-02s019",-0.0193303743240692,TRUE,0.0261770782987575
"D1","D1-02s013","D1-02s019",-0.0171817579479428,TRUE,0.0283256946748839
"D1","D1-02s011","D1-02s019",-0.0554038513465778,TRUE,-0.00989639872375112
"D1","D1-01s001","D1-01s010",-0.0666594346334671,TRUE,-0.0211519820106404
"D1","D1-01s003","D1-01s010",-0.0691062066805953,TRUE,-0.0235987540577686
"D1","D1-01s009","D1-01s010",-0.0165529508837472,TRUE,0.0289545017390795
"D2","D2-04s044","D2-04s043",0.0220209722668755,TRUE,0.0614240208617613
"D2","D2-04s044","D2-04s042",-0.104482573239352,TRUE,-0.0650795246444662
"D2","D2-04s043","D2-04s042",-0.231102834093124,TRUE,-0.191699785498239
"D2","D2-03s902","D2-03s901",0.00222018141463433,TRUE,0.0416232300095201
"D2","D2-01s022","D2-01s021",0.0123874576491819,TRUE,0.0517905062440677
"D2","D2-03s902","D2-03s904",-0.0186404687629434,TRUE,0.0207625798319423
"D2","D2-03s901","D2-03s904",-0.0531982500541703,TRUE,-0.0137952014592845
"D2","D2-06s902","D2-06s904",-0.0042915569908973,TRUE,0.0351114916039885
"D2","D2-07s902","D2-07s904",-0.0289049437630663,TRUE,0.0104981048318194
"D2","D2-08s901","D2-08s903",-0.0635790821343344,TRUE,-0.0241760335394487
"D2","D2-05s904","D2-05s901",0.0685849911767091,TRUE,0.107988039771595
"D2","D2-04s044","D2-04s040",0.0132463186407412,TRUE,0.0526493672356269
"D2","D2-04s043","D2-04s040",-0.0180129666981431,TRUE,0.0213900818967427
"D2","D2-04s042","D2-04s040",-0.0880028738275135,TRUE,-0.0485998252326277
"D2","D2-05s904","D2-05s902",-0.102657406925212,TRUE,-0.0632543583303266
"D2","D2-05s901","D2-05s902",-0.0388672514078153,TRUE,0.000535797187070419
"D2","D2-06s902","D2-06s901",-0.0277724755338858,TRUE,0.0116305730609999
"D2","D2-06s904","D2-06s901",-0.0916191559279339,TRUE,-0.0522161073330482
"D2","D2-01s022","D2-01s017",-0.141159095129997,TRUE,-0.101756046535111
"D2","D2-01s021","D2-01s017",0.00100686030238532,TRUE,0.0404099088972711
"D2","D2-01s022","D2-01s020",0.0346719721761745,TRUE,0.0740750207710603
"D2","D2-01s021","D2-01s020",-0.0184677679821752,TRUE,0.0209352806127106
"D2","D2-01s017","D2-01s020",0.0105298292721235,TRUE,0.0499328778670093
"D2","D2-07s902","D2-07s901",-4.27468021696948e-05,TRUE,0.0393603017927161
"D2","D2-07s904","D2-07s901",0.0209593338783528,TRUE,0.0603623824732386
"D2","D2-08s901","D2-08s904",0.011136219910758,TRUE,0.0505392685056437
"D2","D2-08s903","D2-08s904",-0.0357864127045975,TRUE,0.00361663589028823
"D3","D3-03s057","D3-03s055",-0.057441639881601,TRUE,-0.00963647090667152
"D3","D3-03s057","D3-03s059",0.0543048487314393,TRUE,0.102110017706369
"D3","D3-03s055","D3-03s059",-0.0575806608252136,TRUE,-0.00977549185028416
"D3","D3-10s075","D3-10s080",0.00386526270839274,TRUE,0.0516704316833222
"D3","D3-04s013","D3-04s012",-0.113188933340714,TRUE,-0.0653837643657846
"D3","D3-05s064","D3-05s065",-0.0894314977998945,TRUE,-0.041626328824965
"D3","D3-04s013","D3-04s040",-0.00696624711020718,TRUE,0.0408389218647223
"D3","D3-04s012","D3-04s040",-0.067139506160871,TRUE,-0.0193343371859415
"D3","D3-06s027","D3-06s019",0.0467807849052284,TRUE,0.0945859538801579
"D3","D3-02s050","D3-02s047",-0.0423034160729581,TRUE,0.00550175290197139
"D3","D3-02s050","D3-02s053",0.0207500186731547,TRUE,0.0685551876480842
"D3","D3-02s047","D3-02s053",-0.0183568759990651,TRUE,0.0294482929758644
"D3","D3-05s064","D3-05s058",-0.123790990080834,TRUE,-0.0759858211059045
"D3","D3-05s065","D3-05s058",-0.0952360112562334,TRUE,-0.0474308422813039
"D3","D3-06s027","D3-06s034",0.0247465986709946,TRUE,0.072551767645924
"D3","D3-06s019","D3-06s034",0.0204461780668965,TRUE,0.068251347041826
"D3","D3-02s050","D3-02s051",-0.0195904139720623,TRUE,0.0282147550028672
"D3","D3-02s047","D3-02s051",0.0194835082516477,TRUE,0.0672886772265772
"D3","D3-02s053","D3-02s051",-0.0117148735768569,TRUE,0.0360902953980726
"D3","D3-10s075","D3-10s072",0.0642506809751165,TRUE,0.112055849950046
"D3","D3-10s080","D3-10s072",-0.105589484133504,TRUE,-0.0577843151585749
"D4","D4-02s090","D4-02s092",-0.123724865048208,TRUE,-0.0864664388396577
"D4","D4-02s090","D4-02s091",0.0190155615474391,TRUE,0.0562739877559892
"D4","D4-02s092","D4-02s091",-0.0825155946419187,TRUE,-0.0452571684333686
"D4","D4-05s022","D4-05s016",0.0202805036586147,TRUE,0.0575389298671647
"D4","D4-03s093","D4-03s008",-0.158669606876852,TRUE,-0.121411180668302
"D4","D4-02s090","D4-02s086",0.0722750052702811,TRUE,0.109533431478831
"D4","D4-02s092","D4-02s086",-0.0262494212156001,TRUE,0.01100900499295
"D4","D4-02s091","D4-02s086",-0.0160423522073551,TRUE,0.021216074001195
"D4","D4-01s083","D4-01s073",-0.0133451719128596,TRUE,0.0239132542956905
"D4","D4-09s056","D4-09s015",-0.0506367344625764,TRUE,-0.0133783082540263
"D4","D4-09s056","D4-09s100",-0.157764341882235,TRUE,-0.120505915673685
"D4","D4-09s015","D4-09s100",-0.0644737944291075,TRUE,-0.0272153682205575
"D4","D4-08s084","D4-08s099",-0.119766434104245,TRUE,-0.0825080078956951
"D4","D4-01s083","D4-01s082",0.0114025404378105,TRUE,0.0486609666463606
"D4","D4-01s073","D4-01s082",-0.122637571873833,TRUE,-0.085379145665283
"D4","D4-04s095","D4-04s069",0.088411449881696,TRUE,0.125669876090246
"D4","D4-05s022","D4-05s014",-0.138470927019383,TRUE,-0.101212500810832
"D4","D4-05s016","D4-05s014",0.0495685710174723,TRUE,0.0868269972260223
"D4","D4-07s009","D4-07s008",-0.0236329310322183,TRUE,0.0136254951763317
"D4","D4-03s093","D4-03s074",-0.185830188656085,TRUE,-0.148571762447535
"D4","D4-03s008","D4-03s074",-0.0695494153771754,TRUE,-0.0322909891686254
"D4","D4-04s095","D4-04s026",-0.0451871193716284,TRUE,-0.0079286931630783
"D4","D4-04s069","D4-04s026",-0.0844384339061352,TRUE,-0.0471800076975851
"D5","D5-08s031","D5-08s029",-0.0832160206527427,TRUE,-0.0315780582824138
"D5","D5-04s011","D5-04s023",-0.00645138557154473,TRUE,0.0451865767987841
"D5","D5-05s904","D5-05s903",-0.077375272318271,TRUE,-0.0257373099479421
"D5","D5-07s902","D5-07s903",-0.091910368899234,TRUE,-0.0402724065289051
"D5","D5-05s904","D5-05s901",-0.084099882609592,TRUE,-0.0324619202392631
"D5","D5-05s903","D5-05s901",0.0119446486959728,TRUE,0.0635826110663016
"D5","D5-04s011","D5-04s018",-0.0940141481814676,TRUE,-0.0423761858111388
"D5","D5-04s023","D5-04s018",-0.0532261851462629,TRUE,-0.001588222775934
"D5","D5-06s902","D5-06s901",-0.093962813933279,TRUE,-0.0423248515629502
"D5","D5-06s902","D5-06s904",-0.00067840318107604,TRUE,0.0509595591892528
"D5","D5-06s901","D5-06s904",-0.0954168925077227,TRUE,-0.0437789301373938
"D5","D5-08s031","D5-08s101",-0.106023297893375,TRUE,-0.0543853355230461
"D5","D5-08s029","D5-08s101",-0.0884856022382024,TRUE,-0.0368476398678735
"D5","D5-07s902","D5-07s901",-0.0257445930887019,TRUE,0.025893369281627
"D5","D5-07s903","D5-07s901",0.00563186196780191,TRUE,0.0572698243381308
"D5","D5-04s011","D5-04s001",-0.00904939127636448,TRUE,0.0425885710939644
"D5","D5-04s023","D5-04s001",-0.0167563898102688,TRUE,0.0348815725600601
"D5","D5-04s018","D5-04s001",0.00621948271710904,TRUE,0.0578574450874379
