"group","position_id","family_code","dimension","p","a","a_se","b","b_se","loading","cfa_loading","sx2","sx2_df","sx2_p","sx2_p_bh","flags"
"D1","D1-04s023","F-D1-04",1,0.5671,1.054,0.21,-0.322,0.142,0.527,0.49,10.77,10,0.375,0.935,""
"D1","D1-04s014","F-D1-04",1,0.5436,0.885,0.189,-0.237,0.158,0.462,0.404,7.46,11,0.761,0.953,""
"D1","D1-09s016","F-D1-09",1,0.6846,0.831,0.196,-1.073,0.258,0.439,0.334,16.41,10,0.0885,0.501,""
"D1","D1-01s001","F-D1-01",1,0.6879,0.787,0.191,-1.141,0.281,0.42,0.347,11.2,10,0.342,0.935,""
"D1","D1-02s012","F-D1-02",1,0.5906,0.838,0.187,-0.509,0.183,0.442,0.515,23.53,11,0.0149,0.253,""
"D1","D1-09s018","F-D1-09",1,0.7181,0.732,0.191,-1.427,0.359,0.395,0.378,7.66,11,0.743,0.953,""
"D1","D1-01s003","F-D1-01",1,0.6611,0.841,0.193,-0.919,0.231,0.443,0.364,5.69,10,0.841,0.953,""
"D1","D1-06s024","F-D1-06",1,0.604,0.775,0.181,-0.621,0.206,0.415,0.485,6.9,11,0.807,0.953,""
"D1","D1-09s032","F-D1-09",1,0.7047,0.614,0.178,-1.536,0.441,0.339,0.288,14.65,12,0.261,0.935,"변별 낮음"
"D1","D1-02s013","F-D1-02",1,0.5839,0.566,0.162,-0.645,0.274,0.316,0.384,2.79,11,0.993,0.993,"변별 낮음"
"D1","D1-04s020","F-D1-04",1,0.547,1.066,0.211,-0.226,0.137,0.531,0.446,8.81,10,0.55,0.935,""
"D1","D1-02s011","F-D1-02",1,0.5503,0.786,0.179,-0.297,0.176,0.419,0.411,8.49,11,0.669,0.953,""
"D1","D1-06s015","F-D1-06",1,0.6711,0.824,0.194,-0.996,0.247,0.436,0.57,9.19,10,0.514,0.935,""
"D1","D1-06s025","F-D1-06",1,0.6174,0.924,0.198,-0.618,0.179,0.477,0.579,4.8,11,0.94,0.993,""
"D1","D1-01s009","F-D1-01",1,0.6779,0.732,0.185,-1.138,0.298,0.395,0.275,10.82,12,0.544,0.935,""
"D1","D1-02s019","F-D1-02",1,0.5302,1.023,0.204,-0.151,0.139,0.515,0.548,19.16,10,0.0382,0.325,""
"D1","D1-01s010","F-D1-01",1,0.7013,0.8,0.194,-1.216,0.291,0.425,0.416,10.83,11,0.457,0.935,""
"D2","D2-04s044","F-D2-04",2,0.6309,1.19,0.199,-0.599,0.14,0.573,0.55,11.72,16,0.763,0.869,""
"D2","D2-03s902","F-D2-03",2,0.6342,1.185,0.2,-0.616,0.142,0.571,0.598,16.75,16,0.402,0.77,""
"D2","D2-04s043","F-D2-04",2,0.5772,1.325,0.207,-0.341,0.121,0.614,0.636,23.59,15,0.0723,0.416,""
"D2","D2-05s904","F-D2-05",2,0.5671,1.259,0.2,-0.305,0.124,0.595,0.554,10.54,15,0.785,0.869,""
"D2","D2-04s042","F-D2-04",2,0.6544,1.168,0.201,-0.716,0.15,0.566,0.55,11.25,16,0.793,0.869,""
"D2","D2-06s902","F-D2-06",2,0.5671,1.062,0.181,-0.332,0.139,0.53,0.555,9.82,15,0.831,0.869,""
"D2","D2-01s022","F-D2-01",2,0.5336,0.994,0.173,-0.179,0.142,0.504,0.579,13.38,15,0.573,0.869,""
"D2","D2-07s902","F-D2-07",2,0.5973,1.156,0.192,-0.454,0.136,0.562,0.581,16.65,15,0.34,0.717,""
"D2","D2-03s901","F-D2-03",2,0.5705,1.008,0.176,-0.359,0.146,0.51,0.562,23.63,16,0.098,0.442,""
"D2","D2-01s021","F-D2-01",2,0.5336,1.312,0.202,-0.161,0.119,0.61,0.629,16.6,15,0.343,0.717,""
"D2","D2-08s901","F-D2-08",2,0.6309,0.706,0.158,-0.853,0.242,0.383,0.416,21.31,16,0.167,0.518,""
"D2","D2-03s904","F-D2-03",2,0.5973,0.742,0.158,-0.607,0.204,0.4,0.503,12.72,16,0.693,0.869,""
"D2","D2-06s904","F-D2-06",2,0.6309,0.87,0.17,-0.73,0.19,0.455,0.512,18.72,16,0.283,0.717,""
"D2","D2-07s904","F-D2-07",2,0.6174,0.775,0.162,-0.711,0.207,0.414,0.503,20.95,16,0.18,0.518,""
"D2","D2-08s903","F-D2-08",2,0.6074,0.995,0.178,-0.546,0.157,0.505,0.486,9.46,16,0.893,0.893,""
"D2","D2-05s901","F-D2-05",2,0.5839,1.184,0.194,-0.389,0.131,0.571,0.499,13.64,15,0.553,0.869,""
"D2","D2-04s040","F-D2-04",2,0.6242,0.804,0.164,-0.732,0.202,0.427,0.396,11.49,16,0.779,0.869,""
"D2","D2-05s902","F-D2-05",2,0.5302,1.25,0.196,-0.149,0.122,0.592,0.553,31.75,15,0.00697,0.16,""
"D2","D2-06s901","F-D2-06",2,0.6007,1.08,0.185,-0.488,0.144,0.536,0.492,26.88,16,0.0429,0.411,""
"D2","D2-01s017","F-D2-01",2,0.5336,1.46,0.219,-0.157,0.112,0.651,0.685,11.71,15,0.701,0.869,""
"D2","D2-01s020","F-D2-01",2,0.5436,1.218,0.194,-0.208,0.125,0.582,0.656,21.72,15,0.115,0.442,""
"D2","D2-07s901","F-D2-07",2,0.5839,1.093,0.185,-0.406,0.139,0.54,0.542,11.74,16,0.762,0.869,""
"D2","D2-08s904","F-D2-08",2,0.6342,0.878,0.171,-0.744,0.189,0.458,0.53,26.03,16,0.0536,0.411,""
"D3","D3-04s013","F-D3-04",3,0.3893,1.294,0.21,0.452,0.13,0.605,0.636,17.54,13,0.176,0.98,""
"D3","D3-02s050","F-D3-02",3,0.6141,1.181,0.202,-0.516,0.138,0.57,0.539,16.78,13,0.21,0.98,""
"D3","D3-03s057","F-D3-03",3,0.5436,0.98,0.177,-0.225,0.145,0.499,0.546,15.06,13,0.304,0.98,""
"D3","D3-06s027","F-D3-06",3,0.5906,0.793,0.164,-0.533,0.188,0.423,0.482,12.39,13,0.496,0.98,""
"D3","D3-03s055","F-D3-03",3,0.5839,1.267,0.208,-0.366,0.126,0.597,0.595,11.63,13,0.558,0.98,""
"D3","D3-05s064","F-D3-05",3,0.5503,0.835,0.165,-0.287,0.166,0.44,0.519,7.34,14,0.921,0.98,""
"D3","D3-10s075","F-D3-10",3,0.6107,0.994,0.183,-0.557,0.159,0.504,0.492,11.14,13,0.599,0.98,""
"D3","D3-03s059","F-D3-03",3,0.5872,1.192,0.201,-0.393,0.132,0.574,0.591,12.03,13,0.525,0.98,""
"D3","D3-10s080","F-D3-10",3,0.6342,0.988,0.185,-0.68,0.17,0.502,0.436,8.06,13,0.839,0.98,""
"D3","D3-04s012","F-D3-04",3,0.4329,1.05,0.183,0.307,0.143,0.525,0.541,9.22,13,0.756,0.98,""
"D3","D3-05s065","F-D3-05",3,0.5302,1.199,0.198,-0.143,0.125,0.576,0.653,4.76,13,0.98,0.98,""
"D3","D3-04s040","F-D3-04",3,0.4228,0.86,0.167,0.414,0.171,0.451,0.51,11.98,14,0.608,0.98,""
"D3","D3-06s019","F-D3-06",3,0.6174,1.353,0.221,-0.493,0.126,0.622,0.644,7.13,13,0.895,0.98,""
"D3","D3-02s047","F-D3-02",3,0.6208,1.007,0.185,-0.603,0.161,0.509,0.531,21.52,13,0.0633,0.822,""
"D3","D3-02s053","F-D3-02",3,0.6208,1.135,0.197,-0.56,0.145,0.555,0.524,9.59,13,0.727,0.98,""
"D3","D3-05s058","F-D3-05",3,0.5168,1.316,0.211,-0.083,0.118,0.612,0.586,19.08,12,0.0865,0.822,""
"D3","D3-06s034","F-D3-06",3,0.6141,1.059,0.189,-0.551,0.151,0.528,0.566,6.14,13,0.941,0.98,""
"D3","D3-02s051","F-D3-02",3,0.6141,1.269,0.211,-0.496,0.131,0.598,0.549,8.25,13,0.827,0.98,""
"D3","D3-10s072","F-D3-10",3,0.594,1.395,0.224,-0.39,0.119,0.634,0.614,13.31,13,0.424,0.98,""
"D4","D4-02s090","F-D4-02",4,0.5067,0.933,0.176,-0.052,0.147,0.481,0.449,17.75,15,0.276,0.706,""
"D4","D4-07s009","F-D4-07",4,0.5201,1.106,0.193,-0.114,0.131,0.545,0.553,9.72,15,0.837,0.951,""
"D4","D4-09s056","F-D4-09",4,0.5604,0.635,0.155,-0.427,0.217,0.349,0.366,9.75,16,0.879,0.951,"변별 낮음"
"D4","D4-08s084","F-D4-08",4,0.604,0.822,0.172,-0.603,0.188,0.435,0.517,20.77,15,0.144,0.706,""
"D4","D4-02s092","F-D4-02",4,0.5436,0.964,0.18,-0.236,0.146,0.493,0.517,17.78,15,0.275,0.706,""
"D4","D4-02s091","F-D4-02",4,0.453,0.879,0.168,0.235,0.16,0.459,0.462,26.08,15,0.0372,0.706,""
"D4","D4-05s022","F-D4-05",4,0.5302,1.167,0.2,-0.156,0.127,0.565,0.588,8.86,14,0.84,0.951,""
"D4","D4-03s093","F-D4-03",4,0.4899,1.156,0.197,0.021,0.128,0.562,0.516,13.12,15,0.593,0.951,""
"D4","D4-05s016","F-D4-05",4,0.5403,0.916,0.176,-0.225,0.152,0.474,0.481,19.24,15,0.203,0.706,""
"D4","D4-03s008","F-D4-03",4,0.5503,1.189,0.204,-0.243,0.127,0.573,0.581,6.81,13,0.912,0.951,""
"D4","D4-01s083","F-D4-01",4,0.5201,0.483,0.143,-0.182,0.257,0.273,0.349,16.32,16,0.431,0.902,"변별 낮음"
"D4","D4-02s086","F-D4-02",4,0.5604,0.607,0.153,-0.442,0.227,0.336,0.357,21.6,16,0.157,0.706,"변별 낮음"
"D4","D4-01s073","F-D4-01",4,0.5134,0.683,0.155,-0.098,0.188,0.372,0.471,10.88,15,0.761,0.951,""
"D4","D4-09s015","F-D4-09",4,0.5134,1.071,0.189,-0.083,0.134,0.533,0.552,22.7,15,0.0908,0.706,""
"D4","D4-04s095","F-D4-04",4,0.5537,0.635,0.154,-0.38,0.213,0.35,0.497,16.05,15,0.379,0.871,"변별 낮음"
"D4","D4-09s100","F-D4-09",4,0.5503,1.369,0.225,-0.23,0.116,0.627,0.626,9,13,0.773,0.951,""
"D4","D4-08s099","F-D4-08",4,0.604,0.745,0.166,-0.648,0.209,0.401,0.422,10.76,16,0.824,0.951,""
"D4","D4-01s082","F-D4-01",4,0.5738,0.874,0.174,-0.412,0.165,0.457,0.452,18.53,15,0.236,0.706,""
"D4","D4-04s069","F-D4-04",4,0.557,1.016,0.186,-0.294,0.143,0.512,0.466,11.63,15,0.707,0.951,""
"D4","D4-05s014","F-D4-05",4,0.5168,0.922,0.175,-0.103,0.149,0.476,0.472,7.22,15,0.951,0.951,""
"D4","D4-07s008","F-D4-07",4,0.5638,0.901,0.176,-0.351,0.158,0.468,0.461,11.16,15,0.741,0.951,""
"D4","D4-03s074","F-D4-03",4,0.5134,1.009,0.183,-0.084,0.139,0.51,0.476,19.78,15,0.18,0.706,""
"D4","D4-04s026","F-D4-04",4,0.6007,1.107,0.2,-0.482,0.142,0.545,0.567,11.45,13,0.573,0.951,""
"D5","D5-04s011","F-D5-04",5,0.547,0.689,0.162,-0.31,0.195,0.375,0.424,10.32,12,0.588,0.953,""
"D5","D5-06s902","F-D5-06",5,0.5134,1.023,0.191,-0.077,0.138,0.515,0.502,17.81,10,0.0583,0.348,""
"D5","D5-05s904","F-D5-05",5,0.5503,1.677,0.283,-0.204,0.104,0.702,0.667,8.99,9,0.439,0.953,""
"D5","D5-08s031","F-D5-08",5,0.4799,1.134,0.202,0.075,0.13,0.554,0.589,9.13,10,0.52,0.953,""
"D5","D5-08s029","F-D5-08",5,0.4933,1.281,0.22,0.01,0.12,0.601,0.664,19.53,10,0.0341,0.348,""
"D5","D5-07s902","F-D5-07",5,0.5705,0.294,0.14,-0.987,0.606,0.17,0.2,7.49,12,0.823,0.953,"변별 매우 낮음"
"D5","D5-04s023","F-D5-04",5,0.5101,0.931,0.181,-0.063,0.148,0.48,0.467,3.25,10,0.975,0.975,""
"D5","D5-05s903","F-D5-05",5,0.5034,1.157,0.205,-0.03,0.127,0.562,0.616,5.15,10,0.881,0.953,""
"D5","D5-07s903","F-D5-07",5,0.5537,0.552,0.153,-0.423,0.247,0.308,0.368,7.85,12,0.797,0.953,"변별 낮음"
"D5","D5-05s901","F-D5-05",5,0.4866,1.035,0.191,0.05,0.137,0.52,0.51,14.34,10,0.158,0.632,""
"D5","D5-04s018","F-D5-04",5,0.5436,1.052,0.195,-0.218,0.138,0.526,0.487,7.81,10,0.647,0.953,""
"D5","D5-06s901","F-D5-06",5,0.5336,0.982,0.188,-0.177,0.143,0.5,0.53,11.13,10,0.347,0.926,""
"D5","D5-06s904","F-D5-06",5,0.5,1.105,0.199,-0.014,0.131,0.544,0.457,17.43,10,0.0653,0.348,""
"D5","D5-08s101","F-D5-08",5,0.4765,1.188,0.209,0.086,0.126,0.572,0.608,4.96,10,0.894,0.953,""
"D5","D5-07s901","F-D5-07",5,0.6376,0.427,0.151,-1.383,0.536,0.243,0.231,6.99,12,0.858,0.953,"변별 낮음"
"D5","D5-04s001","F-D5-04",5,0.5235,1.475,0.25,-0.111,0.11,0.655,0.669,11.6,10,0.312,0.926,""
