"group","theta","info","se"
"D1",-4,0.6852,1.2081
"D1",-3.9,0.7323,1.1686
"D1",-3.8,0.7821,1.1307
"D1",-3.7,0.8347,1.0945
"D1",-3.6,0.8901,1.0599
"D1",-3.5,0.9484,1.0268
"D1",-3.4,1.0096,0.9952
"D1",-3.3,1.0736,0.9651
"D1",-3.2,1.1406,0.9363
"D1",-3.1,1.2104,0.9089
"D1",-3,1.283,0.8829
"D1",-2.9,1.3582,0.8581
"D1",-2.8,1.4359,0.8345
"D1",-2.7,1.516,0.8122
"D1",-2.6,1.5981,0.791
"D1",-2.5,1.6821,0.771
"D1",-2.4,1.7675,0.7522
"D1",-2.3,1.854,0.7344
"D1",-2.2,1.9412,0.7177
"D1",-2.1,2.0286,0.7021
"D1",-2,2.1155,0.6875
"D1",-1.9,2.2016,0.674
"D1",-1.8,2.2859,0.6614
"D1",-1.7,2.368,0.6498
"D1",-1.6,2.4469,0.6393
"D1",-1.5,2.5221,0.6297
"D1",-1.4,2.5925,0.6211
"D1",-1.3,2.6576,0.6134
"D1",-1.2,2.7163,0.6067
"D1",-1.1,2.7681,0.6011
"D1",-1,2.812,0.5963
"D1",-0.9,2.8475,0.5926
"D1",-0.8,2.8739,0.5899
"D1",-0.7,2.8908,0.5882
"D1",-0.6,2.8977,0.5875
"D1",-0.5,2.8945,0.5878
"D1",-0.4,2.8809,0.5892
"D1",-0.3,2.857,0.5916
"D1",-0.2,2.8232,0.5952
"D1",-0.0999999999999996,2.7796,0.5998
"D1",0,2.727,0.6056
"D1",0.100000000000001,2.6658,0.6125
"D1",0.2,2.5968,0.6206
"D1",0.3,2.521,0.6298
"D1",0.4,2.4392,0.6403
"D1",0.5,2.3525,0.652
"D1",0.6,2.2617,0.6649
"D1",0.7,2.1679,0.6792
"D1",0.800000000000001,2.072,0.6947
"D1",0.9,1.975,0.7116
"D1",1,1.8777,0.7298
"D1",1.1,1.7808,0.7494
"D1",1.2,1.685,0.7704
"D1",1.3,1.591,0.7928
"D1",1.4,1.4992,0.8167
"D1",1.5,1.41,0.8421
"D1",1.6,1.3239,0.8691
"D1",1.7,1.241,0.8977
"D1",1.8,1.1616,0.9278
"D1",1.9,1.0859,0.9596
"D1",2,1.0138,0.9932
"D1",2.1,0.9454,1.0285
"D1",2.2,0.8807,1.0656
"D1",2.3,0.8197,1.1045
"D1",2.4,0.7623,1.1454
"D1",2.5,0.7083,1.1882
"D1",2.6,0.6577,1.2331
"D1",2.7,0.6103,1.28
"D1",2.8,0.5661,1.3291
"D1",2.9,0.5247,1.3805
"D1",3,0.4862,1.4341
"D1",3.1,0.4503,1.4901
"D1",3.2,0.417,1.5486
"D1",3.3,0.386,1.6096
"D1",3.4,0.3572,1.6733
"D1",3.5,0.3304,1.7396
"D1",3.6,0.3057,1.8087
"D1",3.7,0.2827,1.8808
"D1",3.8,0.2614,1.9558
"D1",3.9,0.2417,2.034
"D1",4,0.2235,2.1153
"D2",-4,0.5783,1.3149
"D2",-3.9,0.6345,1.2554
"D2",-3.8,0.696,1.1986
"D2",-3.7,0.7634,1.1445
"D2",-3.6,0.8372,1.0929
"D2",-3.5,0.9178,1.0438
"D2",-3.4,1.006,0.997
"D2",-3.3,1.1021,0.9525
"D2",-3.2,1.207,0.9102
"D2",-3.1,1.3211,0.87
"D2",-3,1.4452,0.8318
"D2",-2.9,1.5797,0.7956
"D2",-2.8,1.7254,0.7613
"D2",-2.7,1.8828,0.7288
"D2",-2.6,2.0523,0.698
"D2",-2.5,2.2344,0.669
"D2",-2.4,2.4293,0.6416
"D2",-2.3,2.6371,0.6158
"D2",-2.2,2.8578,0.5915
"D2",-2.1,3.0909,0.5688
"D2",-2,3.336,0.5475
"D2",-1.9,3.5918,0.5276
"D2",-1.8,3.8572,0.5092
"D2",-1.7,4.1303,0.4921
"D2",-1.6,4.4087,0.4763
"D2",-1.5,4.6897,0.4618
"D2",-1.4,4.9701,0.4486
"D2",-1.3,5.2459,0.4366
"D2",-1.2,5.5131,0.4259
"D2",-1.1,5.767,0.4164
"D2",-1,6.0028,0.4082
"D2",-0.9,6.2156,0.4011
"D2",-0.8,6.4006,0.3953
"D2",-0.7,6.5531,0.3906
"D2",-0.6,6.6693,0.3872
"D2",-0.5,6.7456,0.385
"D2",-0.4,6.7797,0.3841
"D2",-0.3,6.7704,0.3843
"D2",-0.2,6.7173,0.3858
"D2",-0.0999999999999996,6.6216,0.3886
"D2",0,6.4854,0.3927
"D2",0.100000000000001,6.3121,0.398
"D2",0.2,6.1057,0.4047
"D2",0.3,5.871,0.4127
"D2",0.4,5.6134,0.4221
"D2",0.5,5.338,0.4328
"D2",0.6,5.0504,0.445
"D2",0.7,4.7555,0.4586
"D2",0.800000000000001,4.4579,0.4736
"D2",0.9,4.162,0.4902
"D2",1,3.8711,0.5083
"D2",1.1,3.5882,0.5279
"D2",1.2,3.3157,0.5492
"D2",1.3,3.0553,0.5721
"D2",1.4,2.8083,0.5967
"D2",1.5,2.5755,0.6231
"D2",1.6,2.3573,0.6513
"D2",1.7,2.1537,0.6814
"D2",1.8,1.9647,0.7134
"D2",1.9,1.7899,0.7475
"D2",2,1.6287,0.7836
"D2",2.1,1.4805,0.8219
"D2",2.2,1.3446,0.8624
"D2",2.3,1.2202,0.9053
"D2",2.4,1.1067,0.9506
"D2",2.5,1.0032,0.9984
"D2",2.6,0.909,1.0489
"D2",2.7,0.8234,1.102
"D2",2.8,0.7456,1.1581
"D2",2.9,0.6751,1.2171
"D2",3,0.6111,1.2792
"D2",3.1,0.5532,1.3445
"D2",3.2,0.5007,1.4132
"D2",3.3,0.4532,1.4854
"D2",3.4,0.4103,1.5612
"D2",3.5,0.3714,1.6409
"D2",3.6,0.3363,1.7245
"D2",3.7,0.3045,1.8122
"D2",3.8,0.2758,1.9043
"D2",3.9,0.2498,2.0008
"D2",4,0.2263,2.102
"D3",-4,0.3947,1.5918
"D3",-3.9,0.4367,1.5132
"D3",-3.8,0.4832,1.4386
"D3",-3.7,0.5345,1.3679
"D3",-3.6,0.591,1.3008
"D3",-3.5,0.6534,1.2371
"D3",-3.4,0.722,1.1768
"D3",-3.3,0.7976,1.1197
"D3",-3.2,0.8805,1.0657
"D3",-3.1,0.9715,1.0146
"D3",-3,1.0711,0.9662
"D3",-2.9,1.18,0.9206
"D3",-2.8,1.2987,0.8775
"D3",-2.7,1.4279,0.8368
"D3",-2.6,1.5681,0.7986
"D3",-2.5,1.7198,0.7625
"D3",-2.4,1.8834,0.7287
"D3",-2.3,2.059,0.6969
"D3",-2.2,2.2467,0.6672
"D3",-2.1,2.4465,0.6393
"D3",-2,2.6579,0.6134
"D3",-1.9,2.8802,0.5892
"D3",-1.8,3.1124,0.5668
"D3",-1.7,3.3528,0.5461
"D3",-1.6,3.5997,0.5271
"D3",-1.5,3.8505,0.5096
"D3",-1.4,4.1025,0.4937
"D3",-1.3,4.3522,0.4793
"D3",-1.2,4.5959,0.4665
"D3",-1.1,4.8296,0.455
"D3",-1,5.0488,0.445
"D3",-0.9,5.2493,0.4365
"D3",-0.8,5.4267,0.4293
"D3",-0.7,5.5769,0.4234
"D3",-0.6,5.6966,0.419
"D3",-0.5,5.7828,0.4158
"D3",-0.4,5.8334,0.414
"D3",-0.3,5.8473,0.4135
"D3",-0.2,5.8242,0.4144
"D3",-0.0999999999999996,5.7651,0.4165
"D3",0,5.6714,0.4199
"D3",0.100000000000001,5.5458,0.4246
"D3",0.2,5.3914,0.4307
"D3",0.3,5.2117,0.438
"D3",0.4,5.0108,0.4467
"D3",0.5,4.7927,0.4568
"D3",0.6,4.5615,0.4682
"D3",0.7,4.3213,0.4811
"D3",0.800000000000001,4.0758,0.4953
"D3",0.9,3.8283,0.5111
"D3",1,3.582,0.5284
"D3",1.1,3.3395,0.5472
"D3",1.2,3.1031,0.5677
"D3",1.3,2.8745,0.5898
"D3",1.4,2.6552,0.6137
"D3",1.5,2.4463,0.6394
"D3",1.6,2.2485,0.6669
"D3",1.7,2.0623,0.6963
"D3",1.8,1.8878,0.7278
"D3",1.9,1.725,0.7614
"D3",2,1.5738,0.7971
"D3",2.1,1.4339,0.8351
"D3",2.2,1.3048,0.8755
"D3",2.3,1.1859,0.9183
"D3",2.4,1.0769,0.9636
"D3",2.5,0.9771,1.0117
"D3",2.6,0.8858,1.0625
"D3",2.7,0.8026,1.1162
"D3",2.8,0.7268,1.173
"D3",2.9,0.6579,1.2329
"D3",3,0.5952,1.2962
"D3",3.1,0.5384,1.3629
"D3",3.2,0.4868,1.4333
"D3",3.3,0.4401,1.5074
"D3",3.4,0.3978,1.5855
"D3",3.5,0.3595,1.6677
"D3",3.6,0.3249,1.7543
"D3",3.7,0.2936,1.8455
"D3",3.8,0.2653,1.9413
"D3",3.9,0.2398,2.0421
"D3",4,0.2167,2.1482
"D4",-4,0.5539,1.3436
"D4",-3.9,0.5995,1.2915
"D4",-3.8,0.6488,1.2415
"D4",-3.7,0.7022,1.1934
"D4",-3.6,0.7598,1.1472
"D4",-3.5,0.8221,1.1029
"D4",-3.4,0.8894,1.0604
"D4",-3.3,0.9619,1.0196
"D4",-3.2,1.0401,0.9805
"D4",-3.1,1.1243,0.9431
"D4",-3,1.2148,0.9073
"D4",-2.9,1.3119,0.8731
"D4",-2.8,1.416,0.8404
"D4",-2.7,1.5273,0.8092
"D4",-2.6,1.6462,0.7794
"D4",-2.5,1.7727,0.7511
"D4",-2.4,1.9071,0.7241
"D4",-2.3,2.0494,0.6985
"D4",-2.2,2.1996,0.6743
"D4",-2.1,2.3574,0.6513
"D4",-2,2.5226,0.6296
"D4",-1.9,2.6946,0.6092
"D4",-1.8,2.8728,0.59
"D4",-1.7,3.0562,0.572
"D4",-1.6,3.2436,0.5552
"D4",-1.5,3.4337,0.5397
"D4",-1.4,3.6246,0.5253
"D4",-1.3,3.8144,0.512
"D4",-1.2,4.0009,0.4999
"D4",-1.1,4.1816,0.489
"D4",-1,4.3538,0.4793
"D4",-0.9,4.5147,0.4706
"D4",-0.8,4.6614,0.4632
"D4",-0.7,4.7912,0.4569
"D4",-0.6,4.9014,0.4517
"D4",-0.5,4.9897,0.4477
"D4",-0.4,5.054,0.4448
"D4",-0.3,5.093,0.4431
"D4",-0.2,5.1056,0.4426
"D4",-0.0999999999999996,5.0915,0.4432
"D4",0,5.051,0.445
"D4",0.100000000000001,4.985,0.4479
"D4",0.2,4.895,0.452
"D4",0.3,4.783,0.4572
"D4",0.4,4.6513,0.4637
"D4",0.5,4.5024,0.4713
"D4",0.6,4.3393,0.4801
"D4",0.7,4.1648,0.49
"D4",0.800000000000001,3.9817,0.5012
"D4",0.9,3.7926,0.5135
"D4",1,3.6002,0.527
"D4",1.1,3.4066,0.5418
"D4",1.2,3.214,0.5578
"D4",1.3,3.0241,0.575
"D4",1.4,2.8383,0.5936
"D4",1.5,2.658,0.6134
"D4",1.6,2.484,0.6345
"D4",1.7,2.317,0.657
"D4",1.8,2.1577,0.6808
"D4",1.9,2.0062,0.706
"D4",2,1.8629,0.7327
"D4",2.1,1.7278,0.7608
"D4",2.2,1.6007,0.7904
"D4",2.3,1.4816,0.8215
"D4",2.4,1.3703,0.8543
"D4",2.5,1.2664,0.8886
"D4",2.6,1.1697,0.9246
"D4",2.7,1.0798,0.9624
"D4",2.8,0.9963,1.0018
"D4",2.9,0.919,1.0431
"D4",3,0.8475,1.0863
"D4",3.1,0.7813,1.1313
"D4",3.2,0.7202,1.1784
"D4",3.3,0.6638,1.2274
"D4",3.4,0.6117,1.2786
"D4",3.5,0.5637,1.3319
"D4",3.6,0.5195,1.3874
"D4",3.7,0.4788,1.4452
"D4",3.8,0.4413,1.5053
"D4",3.9,0.4068,1.5678
"D4",4,0.3751,1.6329
"D5",-4,0.2854,1.8718
"D5",-3.9,0.3087,1.7998
"D5",-3.8,0.3342,1.7297
"D5",-3.7,0.3623,1.6615
"D5",-3.6,0.393,1.5952
"D5",-3.5,0.4267,1.5308
"D5",-3.4,0.4638,1.4684
"D5",-3.3,0.5044,1.408
"D5",-3.2,0.5491,1.3495
"D5",-3.1,0.5981,1.293
"D5",-3,0.6519,1.2385
"D5",-2.9,0.7109,1.186
"D5",-2.8,0.7756,1.1355
"D5",-2.7,0.8465,1.0869
"D5",-2.6,0.9241,1.0403
"D5",-2.5,1.0089,0.9956
"D5",-2.4,1.1014,0.9528
"D5",-2.3,1.2023,0.912
"D5",-2.2,1.312,0.8731
"D5",-2.1,1.4309,0.836
"D5",-2,1.5595,0.8008
"D5",-1.9,1.6981,0.7674
"D5",-1.8,1.8469,0.7358
"D5",-1.7,2.0058,0.7061
"D5",-1.6,2.1746,0.6781
"D5",-1.5,2.3527,0.652
"D5",-1.4,2.5393,0.6275
"D5",-1.3,2.7329,0.6049
"D5",-1.2,2.9317,0.584
"D5",-1.1,3.1332,0.5649
"D5",-1,3.3346,0.5476
"D5",-0.9,3.5323,0.5321
"D5",-0.8,3.7223,0.5183
"D5",-0.7,3.9,0.5064
"D5",-0.6,4.0611,0.4962
"D5",-0.5,4.2008,0.4879
"D5",-0.4,4.315,0.4814
"D5",-0.3,4.4001,0.4767
"D5",-0.2,4.4533,0.4739
"D5",-0.0999999999999996,4.473,0.4728
"D5",0,4.4588,0.4736
"D5",0.100000000000001,4.4115,0.4761
"D5",0.2,4.3329,0.4804
"D5",0.3,4.2259,0.4864
"D5",0.4,4.0941,0.4942
"D5",0.5,3.9415,0.5037
"D5",0.6,3.7722,0.5149
"D5",0.7,3.5905,0.5277
"D5",0.800000000000001,3.4004,0.5423
"D5",0.9,3.2054,0.5585
"D5",1,3.0089,0.5765
"D5",1.1,2.8137,0.5962
"D5",1.2,2.622,0.6176
"D5",1.3,2.4358,0.6407
"D5",1.4,2.2565,0.6657
"D5",1.5,2.0853,0.6925
"D5",1.6,1.9227,0.7212
"D5",1.7,1.7694,0.7518
"D5",1.8,1.6256,0.7843
"D5",1.9,1.4912,0.8189
"D5",2,1.3662,0.8556
"D5",2.1,1.2503,0.8943
"D5",2.2,1.1432,0.9353
"D5",2.3,1.0445,0.9785
"D5",2.4,0.9538,1.0239
"D5",2.5,0.8705,1.0718
"D5",2.6,0.7943,1.122
"D5",2.7,0.7246,1.1748
"D5",2.8,0.661,1.23
"D5",2.9,0.6029,1.2878
"D5",3,0.5501,1.3483
"D5",3.1,0.5019,1.4115
"D5",3.2,0.4581,1.4775
"D5",3.3,0.4183,1.5462
"D5",3.4,0.382,1.6179
"D5",3.5,0.3491,1.6924
"D5",3.6,0.3192,1.7699
"D5",3.7,0.2921,1.8503
"D5",3.8,0.2674,1.9338
"D5",3.9,0.245,2.0204
"D5",4,0.2246,2.11
