"group","family_code","positions","b_mean","b_sd","a_mean","flagged"
"D1","F-D1-01",4,-1.103,0.128,0.79,0
"D1","F-D1-02",4,-0.4,0.219,0.803,1
"D1","F-D1-04",3,-0.262,0.053,1.002,0
"D1","F-D1-06",3,-0.745,0.217,0.841,0
"D1","F-D1-09",3,-1.345,0.242,0.726,1
"D2","F-D2-01",4,-0.176,0.023,1.246,0
"D2","F-D2-03",3,-0.527,0.146,0.978,0
"D2","F-D2-04",4,-0.597,0.181,1.122,0
"D2","F-D2-05",3,-0.281,0.122,1.231,0
"D2","F-D2-06",3,-0.517,0.201,1.004,0
"D2","F-D2-07",3,-0.524,0.164,1.008,0
"D2","F-D2-08",3,-0.714,0.156,0.86,0
"D3","F-D3-02",4,-0.544,0.048,1.148,0
"D3","F-D3-03",3,-0.328,0.09,1.146,0
"D3","F-D3-04",3,0.391,0.075,1.068,0
"D3","F-D3-05",3,-0.171,0.105,1.117,0
"D3","F-D3-06",3,-0.526,0.03,1.068,0
"D3","F-D3-10",3,-0.542,0.146,1.126,0
"D4","F-D4-01",3,-0.231,0.163,0.68,1
"D4","F-D4-02",4,-0.124,0.287,0.846,1
"D4","F-D4-03",3,-0.102,0.133,1.118,0
"D4","F-D4-04",3,-0.385,0.094,0.919,1
"D4","F-D4-05",3,-0.161,0.061,1.002,0
"D4","F-D4-07",2,-0.232,0.168,1.004,0
"D4","F-D4-08",2,-0.625,0.032,0.783,0
"D4","F-D4-09",3,-0.247,0.173,1.025,1
"D5","F-D5-04",4,-0.176,0.111,1.037,0
"D5","F-D5-05",3,-0.061,0.13,1.29,0
"D5","F-D5-06",3,-0.089,0.082,1.037,0
"D5","F-D5-07",3,-0.931,0.482,0.424,3
"D5","F-D5-08",3,0.057,0.041,1.201,0
