analysis_item_id,item_id,content_version,family_code,dimension,source_id,variant_no,variant_kind,position_id,mission_id,mission_code,mission_slug,unit_slug,lesson_order,order_in_lesson,position,format,content_hash,is_anchor,recalled_at,p_correct,n,extreme_p
D2-04s044v3@v1,D2-04s044v3,1,F-D2-04,2,s044,v3,value,D2-04s044,,,,synthetic,,1,1,mcq_single,764bd6b9c6a479c6a71cfdfcdf7b54827e42947bd86a7398f2000bcd84d951c4,true,,0.6087,299,false
D4-02s090v3@v1,D4-02s090v3,1,F-D4-02,4,s090,v3,value,D4-02s090,,,,synthetic,,2,2,mcq_single,a3b865ed75f727eca22d15f93472217ad1e9230b1bf3097f32c58d4974f33245,true,,0.5151,299,false
D5-04s011v3@v1,D5-04s011v3,1,F-D5-04,5,s011,v3,value,D5-04s011,,,,synthetic,,3,3,mcq_single,1c886c4943c8cd10180140a45cab43acca96f8624cd9d2ee67392390d1082320,true,,0.5518,299,false
D2-03s902v2@v1,D2-03s902v2,1,F-D2-03,2,s902,v2,value,D2-03s902,,,,synthetic,,4,4,mcq_single,2dc0da52fb28cbd96e2f7afb63f90875b0cffb000e103060f3f235cf9cc95056,true,,0.6254,299,false
D1-04s023v1@v1,D1-04s023v1,1,F-D1-04,1,s023,v1,value,D1-04s023,,,,synthetic,,5,5,mcq_single,5bad6110d5c281df4c1954152affb91c0489ec1e147c2095e1692249071ed557,true,,0.5518,299,false
D4-07s009v2@v1,D4-07s009v2,1,F-D4-07,4,s009,v2,value,D4-07s009,,,,synthetic,,6,6,mcq_single,f7684aea79ce1656f4b4a56a4b0a74581eff45660ff9f12ba5b2ae1519cf7321,false,,0.4867,150,false
D4-09s056v1@v1,D4-09s056v1,1,F-D4-09,4,s056,v1,value,D4-09s056,,,,synthetic,,6,6,mcq_single,4d23d3964003b336a315b710667b6a36ffb58a4ff7c8676006f58196f2743983,true,,0.5753,299,false
D4-08s084v2@v1,D4-08s084v2,1,F-D4-08,4,s084,v2,value,D4-08s084,,,,synthetic,,7,7,mcq_single,6fcdcd6ea0ed3a32096f3ec7f76f4ff1e60b936d5452d36a0bb625f19924d994,false,,0.6174,149,false
D4-02s092v2@v1,D4-02s092v2,1,F-D4-02,4,s092,v2,value,D4-02s092,,,,synthetic,,8,8,mcq_single,f980da94387dcfcae43fbdb31b2f15bf8d5b5cd1281a1c0dcc15c74e19633b38,true,,0.5117,299,false
D1-04s014v3@v1,D1-04s014v3,1,F-D1-04,1,s014,v3,value,D1-04s014,,,,synthetic,,9,9,mcq_single,daeb134ef54b69d9042e30d26a52c3ecf1fce3588a7f2ef18bd6d85e2b72b9ba,true,,0.5251,299,false
D3-04s013v2@v1,D3-04s013v2,1,F-D3-04,3,s013,v2,value,D3-04s013,,,,synthetic,,10,10,mcq_single,239cf3088c8116fa7f9c504280bdd9599786080978be2e51ad627c29f4f4827b,true,,0.3278,299,false
D4-02s091v2@v1,D4-02s091v2,1,F-D4-02,4,s091,v2,value,D4-02s091,,,,synthetic,,11,11,mcq_single,fb34d81d4076dc214874d40c2e3a2d105a29bbc60519e98d9423d8c8ab5abebb,true,,0.4582,299,false
D5-06s902v1@v1,D5-06s902v1,1,F-D5-06,5,s902,v1,value,D5-06s902,,,,synthetic,,12,12,mcq_single,10797aafe02766fd3cc215d2e02b989c1e59527a99427ff1370e5c75bad2dd3e,true,,0.5117,299,false
D1-09s016v3@v1,D1-09s016v3,1,F-D1-09,1,s016,v3,value,D1-09s016,,,,synthetic,,13,13,mcq_single,a8c42d3511cd0b944d0ce7e13d957ca54d377faf666f98b35527febb301dca98,true,,0.7057,299,false
D4-05s022v1@v1,D4-05s022v1,1,F-D4-05,4,s022,v1,value,D4-05s022,,,,synthetic,,14,14,mcq_single,ff353645169c2f321ce0d341d11e458dd3259342846552508c159d458223973c,true,,0.5184,299,false
D3-02s050v3@v1,D3-02s050v3,1,F-D3-02,3,s050,v3,value,D3-02s050,,,,synthetic,,15,15,mcq_single,1ae1e70b68df78b0207c5dbea7b5d0391d6d222696d68a64c395282653cbc41a,true,,0.6254,299,false
D4-03s093v3@v1,D4-03s093v3,1,F-D4-03,4,s093,v3,value,D4-03s093,,,,synthetic,,16,16,mcq_single,43149b20290e6e3d2898436fad2fc521b72bebdeab15187c3735c3c94673a7ba,true,,0.4849,299,false
D2-04s043v2@v1,D2-04s043v2,1,F-D2-04,2,s043,v2,value,D2-04s043,,,,synthetic,,17,17,mcq_single,a221cce03438a088831994a6e59d93527a892db92e88f584be3e90a541730daa,true,,0.5920,299,false
D5-05s904v1@v1,D5-05s904v1,1,F-D5-05,5,s904,v1,value,D5-05s904,,,,synthetic,,18,18,mcq_single,f4d0f07e0da317a512d888172d31174d389b80b0b4a09c3b2e478e6e89366f1e,true,,0.5452,299,false
D1-01s001v1@v1,D1-01s001v1,1,F-D1-01,1,s001,v1,value,D1-01s001,,,,synthetic,,19,19,mcq_single,055c84ca5faa9732484c7e2c69385a01123e7022cfe6e71600ad601676869879,true,,0.6722,299,false
D4-05s016v3@v1,D4-05s016v3,1,F-D4-05,4,s016,v3,value,D4-05s016,,,,synthetic,,20,20,mcq_single,a07cc542d4ba438e562748d55f1f0f29fbfc9bce5fc78fac9aec7a02148e2395,true,,0.5452,299,false
D3-03s057v2@v1,D3-03s057v2,1,F-D3-03,3,s057,v2,value,D3-03s057,,,,synthetic,,21,21,mcq_single,7da833eb0d8e9a9b3a60ba3ac78bd6b6a0a74f59997545ef9a01bce6e8b2bc82,true,,0.5284,299,false
D1-02s012v1@v1,D1-02s012v1,1,F-D1-02,1,s012,v1,value,D1-02s012,,,,synthetic,,22,22,mcq_single,0dbf1656bac7902c15e0bce4a143d3f41fd245ed5fc78bd175a6876d3e49ad84,true,,0.5920,299,false
D4-03s008v2@v1,D4-03s008v2,1,F-D4-03,4,s008,v2,value,D4-03s008,,,,synthetic,,23,23,mcq_single,42bd2a2111e5ca9b1b83843ce4c1185ca828a03a819642a2b7bf880d1c978fd1,true,,0.5385,299,false
D2-05s904v1@v1,D2-05s904v1,1,F-D2-05,2,s904,v1,value,D2-05s904,,,,synthetic,,24,24,mcq_single,8c0a7767b772396a0cad8353937c29d23690f3d04fa53696dca8993ea775a81d,true,,0.5619,299,false
D4-01s083v2@v1,D4-01s083v2,1,F-D4-01,4,s083,v2,value,D4-01s083,,,,synthetic,,25,25,mcq_single,66630fe196700a11013b40a2b016f1912acb12c7e17eae4963eaab34025759e0,true,,0.5050,299,false
D1-09s018v2@v1,D1-09s018v2,1,F-D1-09,1,s018,v2,value,D1-09s018,,,,synthetic,,26,26,mcq_single,b6888b5ddf0c28944e41722e81c88aeb49551279a90fac2401d188f7854846b6,true,,0.7191,299,false
D1-01s003v3@v1,D1-01s003v3,1,F-D1-01,1,s003,v3,value,D1-01s003,,,,synthetic,,27,27,mcq_single,d5fca6ae7cab57257f335a50de545b84bc7970b7a2ecf9f22990d92cd0ef6e28,true,,0.6555,299,false
D5-08s031v1@v1,D5-08s031v1,1,F-D5-08,5,s031,v1,value,D5-08s031,,,,synthetic,,28,28,mcq_single,f756a953edf9c86cabe7859a810506d0dde030ef1132e393d840da9ef1b8c11e,true,,0.4515,299,false
D2-04s042v1@v1,D2-04s042v1,1,F-D2-04,2,s042,v1,value,D2-04s042,,,,synthetic,,29,29,mcq_single,e3044ed1e5df6e121ed85ca8d44eb680b0d9ee3ab5e2824add0aed02b1e37fe1,true,,0.6555,299,false
D2-06s902v1@v1,D2-06s902v1,1,F-D2-06,2,s902,v1,value,D2-06s902,,,,synthetic,,30,30,mcq_single,5f72f11f9058d2aef447ed7005a37108b68057bb658ed53b74309d69735dfedb,true,,0.5452,299,false
D3-06s027v3@v1,D3-06s027v3,1,F-D3-06,3,s027,v3,value,D3-06s027,,,,synthetic,,31,31,mcq_single,797e541a3dbe4d5e107f57e394f932939771e68eedf59d781824bbdbb9369f32,true,,0.5886,299,false
D4-02s086v1@v1,D4-02s086v1,1,F-D4-02,4,s086,v1,value,D4-02s086,,,,synthetic,,32,32,mcq_single,ef2e08a76b6696544e60c0f2716144a15381f8829799276593d498d6877461fb,true,,0.5552,299,false
D4-01s073v1@v1,D4-01s073v1,1,F-D4-01,4,s073,v1,value,D4-01s073,,,,synthetic,,33,33,mcq_single,707d4260347e4e5cfece256f844361a6fd6b98ad68770eabde18a67dee75911c,true,,0.4883,299,false
D4-09s015v2@v1,D4-09s015v2,1,F-D4-09,4,s015,v2,value,D4-09s015,,,,synthetic,,34,34,mcq_single,84304d474f05e4269fb375d6616ab0ed4edd6ab610c6c5d5607f05d67029fcad,true,,0.5050,299,false
D3-03s055v3@v1,D3-03s055v3,1,F-D3-03,3,s055,v3,value,D3-03s055,,,,synthetic,,35,35,mcq_single,539de2af46249a3f02b40761a9fc955c25a299c02a936af66849a57b4623aad6,true,,0.5318,299,false
D3-05s064v1@v1,D3-05s064v1,1,F-D3-05,3,s064,v1,value,D3-05s064,,,,synthetic,,36,36,mcq_single,885f67d1cd54f856b643711a29f85912983da089451ecc91d9e2c9919559fd26,true,,0.5151,299,false
D1-06s024v1@v1,D1-06s024v1,1,F-D1-06,1,s024,v1,value,D1-06s024,,,,synthetic,,37,37,mcq_single,e5cc7619ccc9b6575090b984701d135b48af240b9d2d576639a86048ef463080,true,,0.5886,299,false
D5-08s029v3@v1,D5-08s029v3,1,F-D5-08,5,s029,v3,value,D5-08s029,,,,synthetic,,38,38,mcq_single,55941cff84e27a55039b611251e4995470dd1977d2b935bd1def2773658970d9,true,,0.4816,299,false
D2-01s022v1@v1,D2-01s022v1,1,F-D2-01,2,s022,v1,value,D2-01s022,,,,synthetic,,39,39,mcq_single,1cf5fcdb4b4f774dd06d9c954c86a7190e4958dd6ce639a45301a8431038d0e0,true,,0.5084,299,false
D1-09s032v1@v1,D1-09s032v1,1,F-D1-09,1,s032,v1,value,D1-09s032,,,,synthetic,,40,40,mcq_single,c134690416e5147158af4372e8b24a990cf8124558d78de020a255b922155f36,true,,0.6923,299,false
D5-07s902v2@v1,D5-07s902v2,1,F-D5-07,5,s902,v2,value,D5-07s902,,,,synthetic,,41,41,mcq_single,97f195649a8fb679445c9e24d743b16c0c4ce5b932ace4a40ab5529c020cb037,true,,0.5819,299,false
D3-10s075v3@v1,D3-10s075v3,1,F-D3-10,3,s075,v3,value,D3-10s075,,,,synthetic,,42,42,mcq_single,d935ca4ed6c4090227221fd2901a4a386cb828fa5295afac516094969a676a17,true,,0.5619,299,false
D2-07s902v2@v1,D2-07s902v2,1,F-D2-07,2,s902,v2,value,D2-07s902,,,,synthetic,,43,43,mcq_single,7eeaef4600602d71d6f7b64857f0ddbb690336b19325f85006b409ea36958b6f,true,,0.5819,299,false
D2-03s901v1@v1,D2-03s901v1,1,F-D2-03,2,s901,v1,value,D2-03s901,,,,synthetic,,44,44,mcq_single,fbd03f2148e04eb82e6d164b10fd791bd8195298a40da4069efc271434eb62d4,true,,0.5819,299,false
D3-03s059v1@v1,D3-03s059v1,1,F-D3-03,3,s059,v1,value,D3-03s059,,,,synthetic,,45,45,mcq_single,17fecef0808bf7ac12d312dbaa3dc523dd46d465afb2d0f36f70d02c47ad557c,true,,0.5719,299,false
D3-10s080v2@v1,D3-10s080v2,1,F-D3-10,3,s080,v2,value,D3-10s080,,,,synthetic,,46,46,mcq_single,6ff8a96bc22f7f72af1bdb067bcb8291b7842ff5e1f8c6b811f10307fb020e4b,true,,0.6288,299,false
D1-02s013v2@v1,D1-02s013v2,1,F-D1-02,1,s013,v2,value,D1-02s013,,,,synthetic,,47,47,mcq_single,ed962dd3aa6e2d86189180c8189b799df9b51fa2111260d7d91f7a1414ac5d3e,true,,0.5853,299,false
D3-04s012v3@v1,D3-04s012v3,1,F-D3-04,3,s012,v3,value,D3-04s012,,,,synthetic,,48,48,mcq_single,1ecd70007269f8295a5f6cf0cf6d27dcd3750240452b703380a400b3041a93d9,true,,0.3813,299,false
D3-05s065v2@v1,D3-05s065v2,1,F-D3-05,3,s065,v2,value,D3-05s065,,,,synthetic,,49,49,mcq_single,6afb9e487c0ff993954e5a0a6479a4184dd2ee72805d9a6d2501cdd32082c64d,true,,0.5184,299,false
D4-04s095v2@v1,D4-04s095v2,1,F-D4-04,4,s095,v2,value,D4-04s095,,,,synthetic,,50,50,mcq_single,89f7bd4bc007b1e7643d93d42a1d2e66b84b8a9237f3114e32b5cf91e4dd4088,true,,0.5385,299,false
D3-04s040v1@v1,D3-04s040v1,1,F-D3-04,3,s040,v1,value,D3-04s040,,,,synthetic,,51,51,mcq_single,03bd3dae28ef9efe1bc16ab0cac06a120dd7e5f3008c6ea67c2c21cd20d1db2a,true,,0.3779,299,false
D4-09s100v3@v1,D4-09s100v3,1,F-D4-09,4,s100,v3,value,D4-09s100,,,,synthetic,,52,52,mcq_single,9d5aae51eceb01eed7b50d207cb2a8714ea7faeb1b9f654f30d214c5b9078f8f,true,,0.5385,299,false
D5-04s023v1@v1,D5-04s023v1,1,F-D5-04,5,s023,v1,value,D5-04s023,,,,synthetic,,53,53,mcq_single,22ff9a23f54af616e7654e9dab96891459e19c2f0a513d5650fda192bb68bedc,true,,0.5117,299,false
D4-08s099v3@v1,D4-08s099v3,1,F-D4-08,4,s099,v3,value,D4-08s099,,,,synthetic,,54,54,mcq_single,ee57fd4c5111cf0c38b8fe9ad187335952fb44f7d9b0f144cc1913e44c43ee39,true,,0.6087,299,false
D4-01s082v3@v1,D4-01s082v3,1,F-D4-01,4,s082,v3,value,D4-01s082,,,,synthetic,,55,55,mcq_single,765a70aab7f9e5dd383059074afe83ef26150e29ec5f5f2a8dc004b8c7dce167,true,,0.5485,299,false
D3-06s019v1@v1,D3-06s019v1,1,F-D3-06,3,s019,v1,value,D3-06s019,,,,synthetic,,56,56,mcq_single,49d1857728732f8c341354bef6f9391a3df8399a3d9d44bbd28f6ea9af7de957,true,,0.6054,299,false
D5-05s903v2@v1,D5-05s903v2,1,F-D5-05,5,s903,v2,value,D5-05s903,,,,synthetic,,57,57,mcq_single,89a0b9a74cb3ecff65a63ce720e2b7fc1ede15baa13a6309701fd754ff00895b,true,,0.4983,299,false
D2-01s021v3@v1,D2-01s021v3,1,F-D2-01,2,s021,v3,value,D2-01s021,,,,synthetic,,58,58,mcq_single,eedf1bf989b32e4eb23fa31d61a8f7cad49785d8a93a3838c32492fabca6788d,true,,0.5084,299,false
D4-04s069v3@v1,D4-04s069v3,1,F-D4-04,4,s069,v3,value,D4-04s069,,,,synthetic,,59,59,mcq_single,3bf405d4c7513db34b7aa99a33e0611f31880efdd57afe95f8474ec0cedbebab,true,,0.5686,299,false
D4-05s014v2@v1,D4-05s014v2,1,F-D4-05,4,s014,v2,value,D4-05s014,,,,synthetic,,60,60,mcq_single,3bf44f5ec2e29ca6dd43981cb1bfac34ca914fca058a00b8ab22c42ed0121eee,true,,0.5084,299,false
D2-08s901v2@v1,D2-08s901v2,1,F-D2-08,2,s901,v2,value,D2-08s901,,,,synthetic,,61,61,mcq_single,ae39f326862016b890f176cf217aa1288bcf3456fe588d72d565ac5c0c9e8168,true,,0.6355,299,false
D4-07s008v1@v1,D4-07s008v1,1,F-D4-07,4,s008,v1,value,D4-07s008,,,,synthetic,,62,62,mcq_single,891097d40729b7f6d016c32993ea99dae1e5355335393d59e0868f4a104fd503,true,,0.5485,299,false
D1-04s020v2@v1,D1-04s020v2,1,F-D1-04,1,s020,v2,value,D1-04s020,,,,synthetic,,63,63,mcq_single,16c4dd621af58728a119516d597567b93b52fdea1091be44901830ee93c72a4b,true,,0.5585,299,false
D2-03s904v3@v1,D2-03s904v3,1,F-D2-03,2,s904,v3,value,D2-03s904,,,,synthetic,,64,64,mcq_single,1c1ab2eff5c03135c20779385b811d2411b7761c9ae8131d524a8519f92fb9c6,true,,0.5886,299,false
D4-03s074v1@v1,D4-03s074v1,1,F-D4-03,4,s074,v1,value,D4-03s074,,,,synthetic,,65,65,mcq_single,3a31a90dca2638146a79519c0a99899b820ad347b2c8f2a3621a7eba6f7008fc,true,,0.5217,299,false
D1-02s011v3@v1,D1-02s011v3,1,F-D1-02,1,s011,v3,value,D1-02s011,,,,synthetic,,66,66,mcq_single,0a2929503b42803fa39564de3ca52deb257b3430fd081f261bdd55e934722eea,true,,0.5452,299,false
D3-02s047v1@v1,D3-02s047v1,1,F-D3-02,3,s047,v1,value,D3-02s047,,,,synthetic,,67,67,mcq_single,c77795c8fbf65acbe794204dbc7950290cc73215128b86ccd4ae6f3b858001a5,true,,0.6087,299,false
D2-06s904v2@v1,D2-06s904v2,1,F-D2-06,2,s904,v2,value,D2-06s904,,,,synthetic,,68,68,mcq_single,bd4ef72a6975281f9ced1ae098cd138f6072dcbb202a593a259c30673ea1c2cf,true,,0.6120,299,false
D5-07s903v1@v1,D5-07s903v1,1,F-D5-07,5,s903,v1,value,D5-07s903,,,,synthetic,,69,69,mcq_single,0415bcaee11f6e6eacc8a5d31ef92f75fe583f49987c5e6887593c2aae0a834d,true,,0.5518,299,false
D5-05s901v3@v1,D5-05s901v3,1,F-D5-05,5,s901,v3,value,D5-05s901,,,,synthetic,,70,70,mcq_single,3c72f5cc9828a50f130b08ffd45e042a87562e8b0fc2fad572aec544fb9876d2,true,,0.4883,299,false
D2-07s904v3@v1,D2-07s904v3,1,F-D2-07,2,s904,v3,value,D2-07s904,,,,synthetic,,71,71,mcq_single,6635bc4b993d0e34f4f8704b04335482b9f008c8e4bcf9f4d7b1e6075ed208b2,true,,0.6054,299,false
D2-08s903v3@v1,D2-08s903v3,1,F-D2-08,2,s903,v3,value,D2-08s903,,,,synthetic,,72,72,mcq_single,60d9577cedde54ccd290af67bf3733729f3d4e5472fe70b83873849463088cf8,true,,0.6054,299,false
D4-04s026v1@v1,D4-04s026v1,1,F-D4-04,4,s026,v1,value,D4-04s026,,,,synthetic,,73,73,mcq_single,709d9904b599f54f622872e1e0f3d3fed04a4981ee566df029df05553c17e43c,true,,0.6054,299,false
D3-02s053v2@v1,D3-02s053v2,1,F-D3-02,3,s053,v2,value,D3-02s053,,,,synthetic,,74,74,mcq_single,ca8f8e0f99183b561d0a822d23253fd6ce3c5da6e6436d59e06cca996d350911,true,,0.6054,299,false
D2-05s901v2@v1,D2-05s901v2,1,F-D2-05,2,s901,v2,value,D2-05s901,,,,synthetic,,75,75,mcq_single,bf898dac1f399026014e1e6e8b73ae0425884d9a2d0045b6753e28cc5294aa80,true,,0.5652,299,false
D2-04s040v3@v1,D2-04s040v3,1,F-D2-04,2,s040,v3,value,D2-04s040,,,,synthetic,,76,76,mcq_single,b1335e085db6b80dab92f40da5cb06823f57b0d8dc2f344ac4a0f5ae06f919a7,true,,0.6355,299,false
D4-08s084v1@v1,D4-08s084v1,1,F-D4-08,4,s084,v1,value,D4-08s084,,,,synthetic,,76,76,mcq_single,3cc860e3d8a2091e9c3de037a8147ffbcb0ad7496fcf53d39f102ab9bba2a4ac,false,,0.5533,150,false
D2-05s902v3@v1,D2-05s902v3,1,F-D2-05,2,s902,v3,value,D2-05s902,,,,synthetic,,77,77,mcq_single,a8f3878dee9c187b29492e1000fe912e256ea156c93252f5b51204d6cd97b6a0,true,,0.5117,299,false
D5-04s018v3@v1,D5-04s018v3,1,F-D5-04,5,s018,v3,value,D5-04s018,,,,synthetic,,78,78,mcq_single,67e43df8cfcfdfa6c8ec099614960cbeff1f0ec4a5afbaadab769b4081af4e9b,true,,0.5452,299,false
D5-06s901v2@v1,D5-06s901v2,1,F-D5-06,5,s901,v2,value,D5-06s901,,,,synthetic,,79,79,mcq_single,b5aca05e35c9c53018950fac239c7e290fa56d2e3b31b8ac8ebe556d32d4ba0a,true,,0.5084,299,false
D2-06s901v3@v1,D2-06s901v3,1,F-D2-06,2,s901,v3,value,D2-06s901,,,,synthetic,,80,80,mcq_single,e34242a98c969160415ae1791a95bfb2949079edcd30a80b01f751a36609e470,true,,0.5886,299,false
D2-01s017v2@v1,D2-01s017v2,1,F-D2-01,2,s017,v2,value,D2-01s017,,,,synthetic,,81,81,mcq_single,ded030b4f9778e6423a8a50833c702e4210b1a8c240772861fc377c60929cdc3,true,,0.5151,299,false
D1-06s015v2@v1,D1-06s015v2,1,F-D1-06,1,s015,v2,value,D1-06s015,,,,synthetic,,82,82,mcq_single,6998e00d2c122bb932fc4a3288c8140f387d5edbb3f36b65ef0708d9da23e2eb,true,,0.6288,299,false
D5-06s904v3@v1,D5-06s904v3,1,F-D5-06,5,s904,v3,value,D5-06s904,,,,synthetic,,83,83,mcq_single,04d73627b2350e7e47ddd572f3c946773d54d8143283d2b3624ca446c808332b,true,,0.4883,299,false
D1-06s025v3@v1,D1-06s025v3,1,F-D1-06,1,s025,v3,value,D1-06s025,,,,synthetic,,84,84,mcq_single,bdd664fefe60eb96bdaeba435c7e303b65d436558d3221fbaa9a3bdf0ca618f0,true,,0.5920,299,false
D1-01s009v2@v1,D1-01s009v2,1,F-D1-01,1,s009,v2,value,D1-01s009,,,,synthetic,,85,85,mcq_single,a226567d6458e56e80aedfdbe03742d9c403a08b74acd0e36a2e5a816f604b86,true,,0.6622,299,false
D5-08s101v2@v1,D5-08s101v2,1,F-D5-08,5,s101,v2,value,D5-08s101,,,,synthetic,,86,86,mcq_single,9fca5de248cf24f66ab0c438551250e080597ea31bfb4c84c2464fcd71e37a3a,true,,0.4548,299,false
D5-07s901v3@v1,D5-07s901v3,1,F-D5-07,5,s901,v3,value,D5-07s901,,,,synthetic,,87,87,mcq_single,6d6bd0e935a8b55db179a5edd0159b6ba5d567315d71e442afb4460686bfbf54,true,,0.6321,299,false
D3-05s058v3@v1,D3-05s058v3,1,F-D3-05,3,s058,v3,value,D3-05s058,,,,synthetic,,88,88,mcq_single,f97019ea53fa3dc8c4cd05814fb07448b255c852cf11a0c97cd1ce87976c7fe3,true,,0.4883,299,false
D2-01s020v2@v1,D2-01s020v2,1,F-D2-01,2,s020,v2,value,D2-01s020,,,,synthetic,,89,89,mcq_single,ab39715a3786d3c694df8b2e8fa14cc0ff87c3e0481fafc816540c8a18ae58fe,true,,0.5318,299,false
D2-07s901v1@v1,D2-07s901v1,1,F-D2-07,2,s901,v1,value,D2-07s901,,,,synthetic,,90,90,mcq_single,9def37a102f8bbfb376aa906cbd18935f8c0ce27734abb79eabe9c5c08998c2d,true,,0.5920,299,false
D3-06s034v2@v1,D3-06s034v2,1,F-D3-06,3,s034,v2,value,D3-06s034,,,,synthetic,,91,91,mcq_single,0261f9d8fce2ad026d081556f4871f0e853db7bc1d58ee51319f97f6df7b4c40,true,,0.6020,299,false
D1-02s019v1@v1,D1-02s019v1,1,F-D1-02,1,s019,v1,value,D1-02s019,,,,synthetic,,92,92,mcq_single,0e8c47675e25230f2894cdf5fe59972c4b669176f3882c3568c0622bf020508e,true,,0.5251,299,false
D4-07s009v3@v1,D4-07s009v3,1,F-D4-07,4,s009,v3,value,D4-07s009,,,,synthetic,,93,93,mcq_single,8b60e52cf6114fee6a9785232a0aef9476811278f94c8268704f9b2379f97b17,false,,0.5369,149,false
D3-02s051v3@v1,D3-02s051v3,1,F-D3-02,3,s051,v3,value,D3-02s051,,,,synthetic,,94,94,mcq_single,d813dcce8ae74d058925a572802bfffc29c13d9a546fb34992f674cee54eca16,true,,0.5987,299,false
D1-01s010v1@v1,D1-01s010v1,1,F-D1-01,1,s010,v1,value,D1-01s010,,,,synthetic,,95,95,mcq_single,26620be1e2cd88e5a5e627104809b3612950ef2e4a7b072564c54ee6a67d4670,true,,0.6856,299,false
D2-08s904v1@v1,D2-08s904v1,1,F-D2-08,2,s904,v1,value,D2-08s904,,,,synthetic,,96,96,mcq_single,4031c55832d53d5c0c4da7cd9f9f5bf3721bc829c2b68f2a04debe9a9eb00fbd,true,,0.6187,299,false
D3-10s072v1@v1,D3-10s072v1,1,F-D3-10,3,s072,v1,value,D3-10s072,,,,synthetic,,97,97,mcq_single,dcbcfa333756f197cce2fe3e4fdd64c0e8f4d7ecd15a812ef663b80732cc8c63,true,,0.5686,299,false
D5-04s001v2@v1,D5-04s001v2,1,F-D5-04,5,s001,v2,value,D5-04s001,,,,synthetic,,98,98,mcq_single,bbb56fbd3522c91bf94f3d9012cb621745732d971634b2ada9d45833ad311f51,true,,0.5485,299,false
