position_id,family_code,dimension,source_id,lesson_order,order_in_lesson,position,is_anchor,variants,recalled_at,p_correct,n,extreme_p
D2-04s044,F-D2-04,2,s044,,1,1,true,1,,0.6087,299,false
D4-02s090,F-D4-02,4,s090,,2,2,true,1,,0.5151,299,false
D5-04s011,F-D5-04,5,s011,,3,3,true,1,,0.5518,299,false
D2-03s902,F-D2-03,2,s902,,4,4,true,1,,0.6254,299,false
D1-04s023,F-D1-04,1,s023,,5,5,true,1,,0.5518,299,false
D4-07s009,F-D4-07,4,s009,,6,6,false,2,,0.5117,299,false
D4-09s056,F-D4-09,4,s056,,6,6,true,1,,0.5753,299,false
D4-08s084,F-D4-08,4,s084,,7,7,false,2,,0.5853,299,false
D4-02s092,F-D4-02,4,s092,,8,8,true,1,,0.5117,299,false
D1-04s014,F-D1-04,1,s014,,9,9,true,1,,0.5251,299,false
D3-04s013,F-D3-04,3,s013,,10,10,true,1,,0.3278,299,false
D4-02s091,F-D4-02,4,s091,,11,11,true,1,,0.4582,299,false
D5-06s902,F-D5-06,5,s902,,12,12,true,1,,0.5117,299,false
D1-09s016,F-D1-09,1,s016,,13,13,true,1,,0.7057,299,false
D4-05s022,F-D4-05,4,s022,,14,14,true,1,,0.5184,299,false
D3-02s050,F-D3-02,3,s050,,15,15,true,1,,0.6254,299,false
D4-03s093,F-D4-03,4,s093,,16,16,true,1,,0.4849,299,false
D2-04s043,F-D2-04,2,s043,,17,17,true,1,,0.5920,299,false
D5-05s904,F-D5-05,5,s904,,18,18,true,1,,0.5452,299,false
D1-01s001,F-D1-01,1,s001,,19,19,true,1,,0.6722,299,false
D4-05s016,F-D4-05,4,s016,,20,20,true,1,,0.5452,299,false
D3-03s057,F-D3-03,3,s057,,21,21,true,1,,0.5284,299,false
D1-02s012,F-D1-02,1,s012,,22,22,true,1,,0.5920,299,false
D4-03s008,F-D4-03,4,s008,,23,23,true,1,,0.5385,299,false
D2-05s904,F-D2-05,2,s904,,24,24,true,1,,0.5619,299,false
D4-01s083,F-D4-01,4,s083,,25,25,true,1,,0.5050,299,false
D1-09s018,F-D1-09,1,s018,,26,26,true,1,,0.7191,299,false
D1-01s003,F-D1-01,1,s003,,27,27,true,1,,0.6555,299,false
D5-08s031,F-D5-08,5,s031,,28,28,true,1,,0.4515,299,false
D2-04s042,F-D2-04,2,s042,,29,29,true,1,,0.6555,299,false
D2-06s902,F-D2-06,2,s902,,30,30,true,1,,0.5452,299,false
D3-06s027,F-D3-06,3,s027,,31,31,true,1,,0.5886,299,false
D4-02s086,F-D4-02,4,s086,,32,32,true,1,,0.5552,299,false
D4-01s073,F-D4-01,4,s073,,33,33,true,1,,0.4883,299,false
D4-09s015,F-D4-09,4,s015,,34,34,true,1,,0.5050,299,false
D3-03s055,F-D3-03,3,s055,,35,35,true,1,,0.5318,299,false
D3-05s064,F-D3-05,3,s064,,36,36,true,1,,0.5151,299,false
D1-06s024,F-D1-06,1,s024,,37,37,true,1,,0.5886,299,false
D5-08s029,F-D5-08,5,s029,,38,38,true,1,,0.4816,299,false
D2-01s022,F-D2-01,2,s022,,39,39,true,1,,0.5084,299,false
D1-09s032,F-D1-09,1,s032,,40,40,true,1,,0.6923,299,false
D5-07s902,F-D5-07,5,s902,,41,41,true,1,,0.5819,299,false
D3-10s075,F-D3-10,3,s075,,42,42,true,1,,0.5619,299,false
D2-07s902,F-D2-07,2,s902,,43,43,true,1,,0.5819,299,false
D2-03s901,F-D2-03,2,s901,,44,44,true,1,,0.5819,299,false
D3-03s059,F-D3-03,3,s059,,45,45,true,1,,0.5719,299,false
D3-10s080,F-D3-10,3,s080,,46,46,true,1,,0.6288,299,false
D1-02s013,F-D1-02,1,s013,,47,47,true,1,,0.5853,299,false
D3-04s012,F-D3-04,3,s012,,48,48,true,1,,0.3813,299,false
D3-05s065,F-D3-05,3,s065,,49,49,true,1,,0.5184,299,false
D4-04s095,F-D4-04,4,s095,,50,50,true,1,,0.5385,299,false
D3-04s040,F-D3-04,3,s040,,51,51,true,1,,0.3779,299,false
D4-09s100,F-D4-09,4,s100,,52,52,true,1,,0.5385,299,false
D5-04s023,F-D5-04,5,s023,,53,53,true,1,,0.5117,299,false
D4-08s099,F-D4-08,4,s099,,54,54,true,1,,0.6087,299,false
D4-01s082,F-D4-01,4,s082,,55,55,true,1,,0.5485,299,false
D3-06s019,F-D3-06,3,s019,,56,56,true,1,,0.6054,299,false
D5-05s903,F-D5-05,5,s903,,57,57,true,1,,0.4983,299,false
D2-01s021,F-D2-01,2,s021,,58,58,true,1,,0.5084,299,false
D4-04s069,F-D4-04,4,s069,,59,59,true,1,,0.5686,299,false
D4-05s014,F-D4-05,4,s014,,60,60,true,1,,0.5084,299,false
D2-08s901,F-D2-08,2,s901,,61,61,true,1,,0.6355,299,false
D4-07s008,F-D4-07,4,s008,,62,62,true,1,,0.5485,299,false
D1-04s020,F-D1-04,1,s020,,63,63,true,1,,0.5585,299,false
D2-03s904,F-D2-03,2,s904,,64,64,true,1,,0.5886,299,false
D4-03s074,F-D4-03,4,s074,,65,65,true,1,,0.5217,299,false
D1-02s011,F-D1-02,1,s011,,66,66,true,1,,0.5452,299,false
D3-02s047,F-D3-02,3,s047,,67,67,true,1,,0.6087,299,false
D2-06s904,F-D2-06,2,s904,,68,68,true,1,,0.6120,299,false
D5-07s903,F-D5-07,5,s903,,69,69,true,1,,0.5518,299,false
D5-05s901,F-D5-05,5,s901,,70,70,true,1,,0.4883,299,false
D2-07s904,F-D2-07,2,s904,,71,71,true,1,,0.6054,299,false
D2-08s903,F-D2-08,2,s903,,72,72,true,1,,0.6054,299,false
D4-04s026,F-D4-04,4,s026,,73,73,true,1,,0.6054,299,false
D3-02s053,F-D3-02,3,s053,,74,74,true,1,,0.6054,299,false
D2-05s901,F-D2-05,2,s901,,75,75,true,1,,0.5652,299,false
D2-04s040,F-D2-04,2,s040,,76,76,true,1,,0.6355,299,false
D2-05s902,F-D2-05,2,s902,,77,77,true,1,,0.5117,299,false
D5-04s018,F-D5-04,5,s018,,78,78,true,1,,0.5452,299,false
D5-06s901,F-D5-06,5,s901,,79,79,true,1,,0.5084,299,false
D2-06s901,F-D2-06,2,s901,,80,80,true,1,,0.5886,299,false
D2-01s017,F-D2-01,2,s017,,81,81,true,1,,0.5151,299,false
D1-06s015,F-D1-06,1,s015,,82,82,true,1,,0.6288,299,false
D5-06s904,F-D5-06,5,s904,,83,83,true,1,,0.4883,299,false
D1-06s025,F-D1-06,1,s025,,84,84,true,1,,0.5920,299,false
D1-01s009,F-D1-01,1,s009,,85,85,true,1,,0.6622,299,false
D5-08s101,F-D5-08,5,s101,,86,86,true,1,,0.4548,299,false
D5-07s901,F-D5-07,5,s901,,87,87,true,1,,0.6321,299,false
D3-05s058,F-D3-05,3,s058,,88,88,true,1,,0.4883,299,false
D2-01s020,F-D2-01,2,s020,,89,89,true,1,,0.5318,299,false
D2-07s901,F-D2-07,2,s901,,90,90,true,1,,0.5920,299,false
D3-06s034,F-D3-06,3,s034,,91,91,true,1,,0.6020,299,false
D1-02s019,F-D1-02,1,s019,,92,92,true,1,,0.5251,299,false
D3-02s051,F-D3-02,3,s051,,94,94,true,1,,0.5987,299,false
D1-01s010,F-D1-01,1,s010,,95,95,true,1,,0.6856,299,false
D2-08s904,F-D2-08,2,s904,,96,96,true,1,,0.6187,299,false
D3-10s072,F-D3-10,3,s072,,97,97,true,1,,0.5686,299,false
D5-04s001,F-D5-04,5,s001,,98,98,true,1,,0.5485,299,false
