user_hash,D2-04s044,D4-02s090,D5-04s011,D2-03s902,D1-04s023,D4-07s009,D4-09s056,D4-08s084,D4-02s092,D1-04s014,D3-04s013,D4-02s091,D5-06s902,D1-09s016,D4-05s022,D3-02s050,D4-03s093,D2-04s043,D5-05s904,D1-01s001,D4-05s016,D3-03s057,D1-02s012,D4-03s008,D2-05s904,D4-01s083,D1-09s018,D1-01s003,D5-08s031,D2-04s042,D2-06s902,D3-06s027,D4-02s086,D4-01s073,D4-09s015,D3-03s055,D3-05s064,D1-06s024,D5-08s029,D2-01s022,D1-09s032,D5-07s902,D3-10s075,D2-07s902,D2-03s901,D3-03s059,D3-10s080,D1-02s013,D3-04s012,D3-05s065,D4-04s095,D3-04s040,D4-09s100,D5-04s023,D4-08s099,D4-01s082,D3-06s019,D5-05s903,D2-01s021,D4-04s069,D4-05s014,D2-08s901,D4-07s008,D1-04s020,D2-03s904,D4-03s074,D1-02s011,D3-02s047,D2-06s904,D5-07s903,D5-05s901,D2-07s904,D2-08s903,D4-04s026,D3-02s053,D2-05s901,D2-04s040,D2-05s902,D5-04s018,D5-06s901,D2-06s901,D2-01s017,D1-06s015,D5-06s904,D1-06s025,D1-01s009,D5-08s101,D5-07s901,D3-05s058,D2-01s020,D2-07s901,D3-06s034,D1-02s019,D3-02s051,D1-01s010,D2-08s904,D3-10s072,D5-04s001
syn_r300_0001,1,0,1,0,0,0,1,0,1,0,1,0,1,1,0,1,0,0,1,1,0,0,0,0,0,1,1,0,0,1,0,1,0,0,0,0,0,1,0,0,1,1,1,1,1,1,1,0,0,0,0,0,0,0,0,0,0,0,0,0,1,1,0,0,1,0,1,0,0,0,0,0,0,1,0,0,0,0,0,1,0,0,0,0,1,1,1,1,1,0,1,0,0,0,1,0,0,0
syn_r300_0002,1,0,1,1,1,0,0,0,0,0,0,1,0,0,0,0,0,0,0,1,0,1,0,0,1,1,1,1,0,1,1,0,0,0,0,0,0,0,0,0,0,1,1,0,0,0,0,0,0,0,1,1,0,0,0,1,0,1,0,0,0,1,0,0,0,0,0,0,0,0,0,0,0,0,1,0,1,1,0,0,1,0,0,0,0,0,0,0,0,0,0,1,0,0,1,1,0,0
syn_r300_0003,1,1,0,1,0,0,1,0,0,0,0,0,0,1,0,1,1,0,0,1,1,0,0,0,0,1,0,0,0,0,0,0,0,1,0,1,1,0,1,1,0,1,1,0,0,1,0,0,0,0,0,0,1,0,1,0,0,0,0,0,0,1,0,0,1,0,1,0,0,0,0,0,0,1,1,1,1,0,0,1,0,0,0,0,0,1,0,0,0,0,0,0,0,0,0,0,0,0
syn_r300_0004,0,0,0,0,0,0,1,0,0,1,0,0,1,1,0,1,0,0,1,1,0,0,0,0,0,1,1,0,0,0,0,1,1,0,0,0,1,0,0,1,0,0,1,0,1,0,1,0,1,0,0,0,1,1,0,1,0,1,0,1,0,1,1,0,0,0,0,1,1,0,0,1,1,1,0,0,0,0,1,0,0,1,1,1,1,1,1,1,0,0,1,1,0,0,1,0,1,1
syn_r300_0005,0,1,1,1,1,1,0,0,1,0,1,0,0,1,0,1,0,0,0,1,0,0,0,0,1,0,0,1,0,1,1,0,0,1,0,0,1,1,0,0,0,0,1,0,1,1,0,1,0,0,0,0,0,0,1,0,0,0,0,0,0,1,0,0,0,0,1,1,0,0,0,0,1,0,0,1,1,0,1,0,0,0,1,0,1,0,1,0,1,0,0,0,0,0,0,1,1,1
syn_r300_0006,0,0,0,0,0,0,0,0,0,0,1,0,0,1,1,0,0,1,0,0,1,1,1,1,0,1,1,1,0,0,0,0,1,0,0,1,0,1,0,0,1,0,0,0,0,0,0,0,1,1,0,0,1,0,1,1,0,0,0,1,0,1,1,0,1,1,1,1,0,1,0,1,0,0,0,0,1,0,1,0,0,0,0,1,0,0,0,1,0,0,0,0,0,1,0,0,1,1
syn_r300_0007,1,0,1,0,1,1,1,1,0,0,0,0,0,1,0,0,1,1,1,1,1,0,0,0,0,0,0,1,0,0,1,1,0,0,1,0,1,1,0,1,1,0,1,0,1,0,1,1,0,0,0,1,0,0,0,0,1,1,0,0,1,1,0,0,1,1,0,1,0,1,0,1,1,1,1,0,0,1,1,1,0,0,0,1,1,0,1,0,0,0,0,1,1,1,1,1,0,1
syn_r300_0008,1,1,0,1,0,0,0,1,0,0,1,1,1,1,1,1,1,1,1,1,1,0,1,1,1,1,1,1,0,0,1,1,1,1,1,1,0,1,1,1,1,1,1,1,1,1,1,1,0,1,1,1,1,0,1,1,0,0,1,0,0,1,1,0,1,0,0,0,1,0,1,1,1,1,1,0,1,0,0,0,1,0,1,0,1,0,1,1,1,1,0,1,0,0,1,1,1,1
syn_r300_0009,0,1,1,0,1,1,1,1,1,1,1,1,1,1,1,1,1,0,1,1,1,1,0,1,1,1,1,1,1,1,1,1,1,1,1,1,1,1,1,1,1,1,1,1,1,0,1,1,1,1,0,1,1,1,1,1,1,1,1,1,1,1,1,1,0,1,1,1,1,1,0,1,1,1,1,0,1,1,1,1,1,1,1,1,1,1,1,1,1,1,1,1,1,1,1,1,1,1
syn_r300_0010,0,1,1,0,1,0,0,1,0,0,1,0,1,1,1,0,0,1,1,1,1,0,1,1,0,1,1,1,0,0,0,1,1,0,0,0,0,1,0,0,1,0,0,0,1,0,0,1,0,0,1,1,0,0,1,0,1,0,0,0,0,0,0,1,0,0,0,1,0,1,1,0,0,0,0,1,1,0,0,1,1,0,1,0,0,1,0,1,0,0,1,0,1,0,1,1,0,0
syn_r300_0011,1,1,1,1,1,1,1,1,1,0,0,1,1,1,1,0,0,1,1,1,1,1,1,1,1,1,1,1,0,1,1,1,1,0,1,0,0,1,0,1,0,1,0,1,1,1,1,1,0,0,0,0,0,0,0,1,1,1,1,0,0,0,1,1,1,1,0,0,1,0,0,1,1,1,0,0,1,1,1,1,1,1,1,0,0,1,0,1,0,0,0,0,1,0,1,1,1,1
syn_r300_0012,1,1,0,0,1,1,0,0,0,1,0,0,1,0,0,1,0,1,0,0,0,0,1,1,0,0,1,1,1,1,1,0,0,0,0,1,0,0,1,1,1,1,0,1,0,0,0,1,0,0,1,0,0,1,0,1,0,0,0,1,0,0,0,1,1,0,1,1,0,1,0,0,0,1,0,0,1,0,1,0,0,1,1,1,0,0,0,1,0,1,0,0,1,0,1,1,0,1
syn_r300_0013,0,0,1,1,1,1,1,1,1,1,0,0,0,1,0,1,0,1,1,1,1,0,0,0,1,0,0,1,0,1,0,1,1,0,1,1,1,0,1,0,0,1,1,1,1,1,1,1,0,1,0,0,0,1,1,1,1,0,1,0,1,1,0,1,0,0,0,1,0,1,1,0,0,1,1,1,1,0,0,0,1,0,1,1,0,0,0,0,1,0,1,1,1,1,1,0,0,1
syn_r300_0014,1,0,1,1,0,1,0,0,0,0,0,0,1,0,0,1,0,0,0,0,0,0,0,1,0,1,0,0,0,1,0,1,0,1,0,0,1,1,0,0,1,0,0,1,1,0,1,1,1,1,1,0,0,0,1,1,0,1,0,0,0,0,1,0,0,0,1,0,1,0,0,1,0,0,1,0,0,0,1,1,1,0,1,1,0,0,0,0,1,0,1,1,0,1,1,0,1,0
syn_r300_0015,1,0,1,0,1,0,1,1,1,0,1,0,0,1,0,1,1,0,1,1,1,1,1,0,0,1,1,1,1,0,1,0,0,1,1,1,0,1,1,0,1,0,0,1,0,1,0,0,0,0,0,0,0,1,1,1,1,1,1,0,1,1,1,0,1,1,0,1,0,1,0,1,0,1,1,1,0,0,0,0,0,1,1,0,1,1,0,0,1,1,0,0,1,0,0,0,0,1
syn_r300_0016,0,1,0,1,0,1,1,1,1,1,0,0,1,1,0,0,1,0,0,1,0,0,1,0,0,0,1,0,0,0,0,0,1,0,1,0,0,0,0,0,0,0,1,0,0,1,1,1,0,0,0,0,1,1,0,1,0,0,1,1,0,0,0,0,1,0,0,0,1,0,1,0,0,1,1,0,1,0,1,1,0,0,0,1,0,1,1,1,1,0,0,1,1,0,0,0,0,0
syn_r300_0017,0,0,1,0,1,1,1,1,1,1,0,1,0,1,0,0,0,0,1,1,1,0,1,1,0,0,1,1,0,0,0,1,0,0,1,0,1,0,1,0,1,1,0,1,1,0,0,0,1,1,0,0,1,0,1,0,1,1,0,1,1,1,1,1,0,1,0,1,1,0,0,1,1,1,1,1,1,0,1,0,0,0,0,1,1,1,0,0,1,1,1,1,1,1,0,0,1,0
syn_r300_0018,1,0,1,1,1,1,0,1,0,1,1,0,1,0,1,1,1,1,1,0,0,1,1,1,1,1,0,0,1,1,1,0,1,1,0,0,0,1,1,1,1,0,1,1,1,1,1,0,1,0,1,0,1,1,0,0,1,0,1,1,1,1,0,1,1,1,1,1,1,1,0,0,0,0,1,1,1,1,1,1,0,1,1,1,1,0,1,1,1,1,0,1,0,1,1,0,1,1
syn_r300_0019,1,1,0,1,1,1,0,1,0,1,1,0,0,1,0,0,0,0,1,0,1,1,0,0,0,0,1,1,0,0,0,0,0,1,0,1,0,1,1,1,1,0,0,1,1,0,1,1,0,1,0,1,0,0,1,0,0,1,0,0,0,1,1,1,0,0,0,1,1,1,1,1,0,0,1,0,1,0,1,1,0,0,0,0,1,0,1,1,0,1,0,0,1,0,0,0,1,0
syn_r300_0020,0,0,0,0,0,1,1,0,0,0,0,0,0,1,0,0,1,1,0,1,0,0,1,0,0,0,1,0,0,1,1,0,1,0,1,1,1,0,0,0,1,0,1,0,0,1,0,0,1,0,0,1,1,0,1,0,0,0,1,1,1,0,0,1,0,0,1,0,1,0,0,1,0,0,1,0,0,1,1,1,0,1,1,0,1,0,0,1,0,0,0,0,1,1,1,0,1,1
syn_r300_0021,0,1,0,0,0,0,1,1,1,1,0,0,0,0,0,0,0,0,0,1,1,1,1,1,0,1,1,0,1,1,0,1,0,1,1,0,1,0,0,1,0,0,1,0,1,1,1,0,0,0,0,1,1,0,0,0,0,0,0,1,0,1,0,1,1,0,1,0,1,1,0,1,0,1,0,0,0,0,1,0,1,0,1,1,0,1,1,0,0,0,0,1,1,0,0,0,0,0
syn_r300_0022,0,0,1,1,0,0,0,1,0,0,0,1,0,1,0,0,0,0,1,1,0,0,1,1,1,0,1,1,0,0,1,0,0,0,1,0,0,1,0,0,1,0,1,1,0,0,1,0,0,1,0,1,0,1,1,0,1,0,0,0,0,0,1,1,1,0,1,0,1,0,0,0,0,0,0,1,0,1,1,0,1,0,1,1,0,1,0,1,0,0,0,1,0,1,1,0,1,0
syn_r300_0023,0,0,1,0,1,1,0,0,1,0,0,0,0,1,0,1,0,0,1,1,0,1,0,0,0,0,1,0,0,1,0,1,0,0,0,1,0,0,0,1,1,0,1,0,1,0,1,1,1,1,0,1,1,0,1,0,1,0,1,0,0,1,0,1,0,0,1,1,0,1,0,1,0,1,1,0,0,1,0,1,1,0,1,0,0,1,0,0,1,1,1,1,0,1,1,0,1,0
syn_r300_0024,1,0,0,1,1,1,0,1,1,1,0,0,1,1,0,0,1,0,0,1,0,1,1,0,1,0,0,1,0,1,1,0,1,0,0,1,0,1,0,1,1,1,1,1,1,1,0,0,0,0,0,1,1,0,0,0,1,0,1,1,0,0,0,1,1,0,0,0,1,0,0,1,1,0,1,1,1,1,0,0,1,0,0,0,0,0,1,1,0,0,1,0,1,0,1,0,0,1
syn_r300_0025,1,1,0,1,1,0,1,1,0,1,1,1,0,0,1,0,0,1,1,1,1,1,1,1,0,1,1,0,0,0,1,1,0,0,1,1,1,1,1,1,0,1,1,1,1,1,1,0,1,1,1,0,1,0,0,0,1,1,1,1,1,1,0,1,0,1,1,1,0,0,1,0,1,1,1,1,1,0,1,1,1,1,1,1,1,1,1,1,1,1,1,1,1,1,0,1,1,1
syn_r300_0026,0,0,1,1,0,1,1,1,1,1,0,1,0,0,0,1,0,0,1,1,1,1,0,0,1,1,1,0,1,1,0,1,0,0,0,0,1,0,0,0,1,0,0,1,0,0,1,1,0,1,1,0,0,0,0,1,0,0,0,1,0,0,0,0,0,0,0,1,1,1,0,0,0,0,1,0,0,0,0,1,0,0,0,0,0,1,0,0,1,0,1,0,1,1,0,1,1,0
syn_r300_0027,0,0,1,0,1,1,1,0,1,1,1,0,1,1,0,1,0,0,0,1,1,1,1,1,0,1,1,1,1,0,0,1,1,0,1,1,1,1,1,0,1,1,1,0,0,0,0,1,1,0,1,1,1,1,1,1,1,1,1,1,1,1,1,1,1,1,1,1,1,1,1,1,0,1,1,0,0,0,1,0,0,0,1,1,1,0,1,0,0,0,1,1,1,1,1,0,1,1
syn_r300_0028,0,1,0,0,1,1,0,0,1,1,0,0,1,1,0,0,0,1,1,1,0,0,1,0,1,0,1,1,0,1,1,0,0,1,1,0,1,0,0,1,1,1,1,1,1,0,1,1,1,0,1,0,1,0,1,0,0,0,1,0,0,1,0,1,1,1,0,1,1,1,0,1,1,1,1,1,1,0,0,0,1,0,0,1,0,1,1,0,0,1,1,1,0,0,1,1,0,0
syn_r300_0029,1,1,0,1,1,1,1,1,1,1,1,1,0,1,1,1,1,1,1,1,1,1,0,1,1,1,1,1,0,1,1,0,0,1,0,1,1,1,0,1,1,1,0,1,1,0,0,1,1,1,1,1,1,0,1,1,1,0,1,1,1,0,1,0,1,0,1,1,1,1,0,1,1,1,1,1,0,1,1,1,1,1,0,1,0,0,0,1,0,1,1,0,1,1,0,1,0,1
syn_r300_0030,0,1,1,1,1,0,0,0,0,0,1,0,1,1,0,1,1,0,0,1,1,1,0,1,0,0,1,1,0,1,0,0,0,1,0,0,1,0,1,1,0,1,0,0,0,1,0,1,0,0,1,0,1,0,0,0,0,0,1,1,1,0,1,1,0,0,1,0,0,0,0,0,1,1,1,1,0,0,1,1,1,0,0,1,0,1,0,1,0,0,0,1,1,0,1,0,0,1
syn_r300_0031,0,0,1,1,0,1,1,0,1,1,0,0,0,1,1,1,1,1,0,0,0,0,0,1,1,0,0,0,0,0,0,1,1,0,1,1,1,1,0,0,1,1,0,1,1,0,1,0,0,0,1,0,1,0,1,1,0,1,0,1,1,0,0,0,0,0,1,0,1,0,0,1,0,0,1,0,0,1,0,0,1,1,0,0,0,0,0,0,1,1,0,1,0,1,0,0,0,0
syn_r300_0032,0,0,1,1,1,0,0,1,1,1,0,1,1,1,0,1,1,0,1,0,1,1,1,0,1,1,0,0,0,1,1,1,1,0,1,1,1,0,1,0,1,0,0,0,1,1,1,1,1,1,1,1,1,1,1,1,1,0,0,0,1,1,1,1,1,1,1,0,0,1,0,0,1,0,1,0,0,1,1,1,1,0,1,1,0,0,0,1,1,1,0,0,1,1,1,1,1,1
syn_r300_0033,0,1,0,0,0,0,0,0,1,1,1,0,0,1,1,0,1,1,0,0,0,1,1,0,1,1,0,1,0,0,0,1,1,0,0,1,1,0,0,1,0,0,1,0,1,0,1,0,1,1,1,0,1,1,1,1,0,0,0,1,1,1,1,1,1,1,0,1,0,0,1,0,0,1,0,1,0,0,0,0,0,0,1,0,0,0,1,1,1,0,0,1,0,0,1,0,0,0
syn_r300_0034,0,0,0,0,0,1,1,0,0,0,0,1,0,1,0,1,0,0,1,0,0,1,1,0,0,0,1,1,0,1,1,0,0,0,0,0,0,0,0,0,1,1,1,0,0,1,1,0,0,0,0,0,0,1,1,1,0,0,0,0,1,1,1,0,1,1,0,1,0,1,0,0,0,1,1,0,0,0,0,1,0,0,1,1,0,0,0,1,0,0,0,0,0,0,0,0,1,1
syn_r300_0035,1,0,0,1,1,0,0,1,1,0,0,1,0,1,1,1,1,1,0,1,0,0,0,0,1,0,1,1,0,1,0,0,1,1,1,1,0,1,1,0,1,1,0,0,1,0,1,0,0,0,0,1,1,0,0,1,1,0,1,0,0,1,1,0,0,1,0,1,0,0,1,1,1,0,0,1,0,1,0,0,1,1,1,0,0,1,0,1,0,0,1,1,0,1,1,0,0,0
syn_r300_0036,1,0,0,1,0,1,1,0,1,1,0,0,0,0,1,1,0,1,1,1,1,1,1,0,1,0,0,1,1,0,1,1,1,0,0,1,1,0,0,1,0,1,1,0,1,1,0,1,1,1,0,0,0,1,0,0,1,1,0,0,0,0,1,0,0,0,1,1,1,0,1,1,1,1,0,1,1,0,1,0,1,1,1,1,1,1,0,1,1,0,0,0,1,1,0,1,0,0
syn_r300_0037,1,0,0,0,0,0,1,1,1,0,0,0,0,1,0,0,0,1,0,1,0,0,0,1,1,0,1,1,0,1,0,0,1,1,0,0,0,0,0,0,0,0,0,1,1,0,1,1,0,1,1,0,0,0,0,0,0,1,0,0,0,1,1,0,1,0,0,0,1,0,0,0,1,0,1,1,1,0,0,1,0,1,0,1,0,1,0,0,0,1,1,1,1,1,1,0,0,1
syn_r300_0038,1,0,0,0,1,0,1,0,0,0,0,0,0,0,0,0,1,0,0,0,0,0,0,1,0,1,1,0,1,1,0,0,0,0,1,0,0,0,0,0,1,1,0,1,0,0,1,0,0,0,1,0,1,0,1,0,0,0,0,0,0,0,0,0,0,1,0,1,1,0,0,0,0,1,0,1,1,0,0,0,0,0,1,0,1,1,0,1,0,0,0,1,0,1,1,1,0,1
syn_r300_0039,1,1,0,1,0,0,0,1,1,1,1,0,1,1,0,1,0,1,1,1,0,0,0,1,1,1,1,0,0,0,1,1,1,0,0,1,0,0,1,0,0,1,1,1,0,1,1,1,0,1,1,0,0,1,0,1,1,1,1,1,0,1,0,0,0,0,1,0,1,1,0,1,1,0,1,0,0,1,0,0,1,1,1,1,0,0,1,1,1,1,0,0,0,1,1,0,1,1
syn_r300_0040,1,1,1,1,0,1,1,1,0,0,1,1,1,1,0,1,1,1,1,0,1,1,1,0,1,0,1,0,0,1,1,1,0,1,1,1,1,1,1,1,0,1,1,1,1,1,0,1,0,1,1,1,1,1,1,1,0,1,1,1,1,1,0,1,1,1,0,1,1,1,1,1,1,0,1,0,1,1,1,0,1,1,1,0,0,1,1,1,0,0,1,1,0,1,1,1,1,1
syn_r300_0041,1,0,1,1,0,0,0,1,1,0,1,1,0,0,1,0,1,1,1,1,1,0,1,0,0,1,1,0,0,1,1,1,1,1,1,1,0,1,0,1,1,0,1,1,1,1,1,1,1,1,1,0,1,1,1,1,1,1,1,1,0,1,0,1,0,1,0,1,1,0,0,1,1,1,1,0,1,1,1,1,0,0,1,1,1,1,0,1,1,1,1,1,1,1,1,1,1,1
syn_r300_0042,1,0,1,1,1,1,1,1,1,0,0,1,1,1,1,1,1,1,1,1,1,1,1,1,1,0,1,1,1,1,0,1,1,1,1,1,1,1,1,1,1,0,1,1,1,1,1,1,1,1,1,0,1,0,1,1,1,1,1,1,1,1,1,0,1,1,1,1,0,0,1,1,1,1,1,0,1,1,1,1,1,1,1,1,1,1,1,1,1,1,1,1,1,1,1,1,1,1
syn_r300_0043,1,1,0,0,0,1,0,0,0,1,0,0,0,1,0,1,1,0,1,1,1,1,0,1,0,0,0,0,0,1,0,0,0,1,0,1,0,1,0,1,1,0,1,0,0,1,1,0,1,0,0,0,0,1,1,0,1,0,1,1,1,1,0,0,1,0,0,0,1,1,0,0,0,1,0,0,0,0,1,0,0,0,0,0,0,1,0,0,1,0,1,1,0,0,0,0,1,0
syn_r300_0044,0,0,1,1,0,1,1,1,0,1,0,0,1,1,0,0,0,1,0,1,0,0,0,1,1,0,1,0,0,0,0,0,1,0,0,1,0,0,1,1,1,0,1,0,1,1,0,0,0,1,0,0,0,1,0,0,1,1,1,0,0,1,1,0,1,1,1,0,0,0,0,0,1,0,0,1,1,1,0,0,0,1,1,1,0,1,0,1,1,1,0,0,1,0,1,0,0,1
syn_r300_0045,0,0,1,0,0,0,1,0,0,1,0,1,0,0,0,0,0,0,0,1,0,0,1,0,0,1,0,0,0,1,0,1,0,0,1,0,0,0,0,0,0,0,0,1,0,0,1,0,0,1,0,0,1,0,0,1,1,0,1,0,0,1,0,0,0,1,0,0,0,0,0,1,0,0,0,0,1,1,0,0,1,0,0,0,1,1,0,0,1,1,0,0,0,0,1,0,0,0
syn_r300_0046,1,1,1,1,1,1,1,1,1,1,1,1,0,1,1,1,1,1,1,1,0,1,0,1,1,0,1,1,1,1,0,1,1,1,0,0,1,0,1,1,1,0,1,1,1,1,1,1,1,1,1,1,1,1,1,1,1,0,1,1,1,1,1,1,1,1,0,1,1,1,0,1,1,1,1,1,1,1,1,0,1,1,1,0,1,1,1,1,1,1,1,1,0,1,1,1,1,0
syn_r300_0047,0,0,1,0,1,0,1,1,1,0,0,0,0,1,1,0,1,0,0,0,1,0,0,0,1,1,1,1,0,0,0,0,0,0,0,0,0,0,0,1,0,1,0,1,0,0,0,1,0,0,0,0,1,0,1,0,1,1,1,0,0,1,0,1,1,0,1,1,1,0,0,1,1,0,0,1,0,1,0,0,0,0,0,0,1,1,0,0,0,1,1,0,0,0,1,0,1,1
syn_r300_0048,1,1,0,1,1,1,1,1,1,1,0,1,0,1,0,1,1,1,1,0,1,1,0,1,0,1,0,0,0,1,0,1,0,1,1,1,0,1,1,0,0,0,1,1,0,1,0,1,0,1,1,1,1,0,0,0,1,1,1,1,1,1,0,1,1,0,1,0,1,0,1,1,1,1,0,1,1,1,1,1,1,1,1,1,1,1,0,1,1,1,1,1,1,1,1,1,1,1
syn_r300_0049,1,1,0,0,0,1,1,1,0,0,0,1,1,1,1,1,1,0,0,1,1,0,0,0,0,0,0,1,0,1,0,0,0,0,1,1,0,1,0,0,0,1,0,0,0,1,0,1,0,0,0,1,1,0,1,0,1,0,1,1,0,1,0,1,1,1,0,0,1,0,1,1,0,1,1,1,0,1,0,1,0,1,0,0,0,1,1,1,1,1,1,1,0,0,0,1,1,0
syn_r300_0050,1,1,0,0,0,0,1,1,0,0,0,1,1,0,0,0,0,0,0,0,0,0,1,0,1,1,1,0,0,1,1,0,1,0,0,1,1,1,0,0,1,1,0,0,0,0,0,1,0,0,1,0,0,1,0,0,0,0,1,0,1,0,1,0,0,1,0,0,0,1,0,0,1,0,1,0,1,1,0,0,1,1,1,1,0,1,0,0,0,0,1,1,0,1,0,1,0,0
syn_r300_0051,0,0,0,0,0,1,0,0,1,0,0,0,0,0,1,1,0,0,0,1,1,0,1,0,0,0,1,1,0,0,0,0,0,0,1,0,0,0,0,0,1,1,1,0,0,1,0,1,0,0,1,0,1,0,0,0,0,0,0,1,0,1,1,1,0,0,1,0,1,1,0,1,0,0,0,0,0,0,1,1,0,0,1,0,1,1,0,0,0,0,1,0,0,0,1,1,1,1
syn_r300_0052,1,0,0,1,0,1,1,1,1,1,1,1,0,1,1,1,1,0,1,1,1,1,1,1,1,0,1,1,1,0,1,1,1,1,0,1,1,0,1,1,1,1,1,1,0,1,0,1,0,1,0,1,1,1,1,1,0,0,1,1,1,1,1,0,1,0,1,1,1,1,0,1,1,1,1,0,1,0,1,0,1,1,1,1,1,1,0,1,1,1,1,1,1,0,1,1,1,1
syn_r300_0053,1,1,0,0,1,0,0,0,1,1,1,0,0,0,0,1,1,0,0,0,0,0,1,0,0,1,0,0,0,1,1,0,1,1,0,0,0,1,0,1,0,0,1,0,1,0,1,0,0,1,0,0,0,0,0,1,0,0,0,1,1,0,1,1,0,0,0,1,0,0,0,0,1,0,0,0,0,0,0,0,1,0,0,1,0,0,0,0,0,0,0,0,0,0,1,0,0,0
syn_r300_0054,1,1,0,0,1,0,0,1,0,0,0,0,1,1,0,1,0,0,1,1,0,0,0,0,1,1,0,0,1,0,0,1,1,1,0,1,1,0,0,0,1,0,0,1,0,0,0,0,1,0,0,1,0,0,1,0,1,1,0,0,0,0,0,1,0,1,0,1,0,0,0,1,1,1,0,0,0,0,0,0,1,1,1,0,0,1,0,0,1,1,1,1,1,1,1,1,1,0
syn_r300_0055,1,0,1,0,1,0,0,0,1,0,0,0,0,1,0,1,1,0,0,1,0,0,1,1,0,1,0,1,0,1,0,0,0,1,1,0,1,1,0,0,1,0,1,0,1,0,0,1,0,0,0,1,1,0,0,1,1,1,0,0,0,0,1,1,0,1,1,1,1,1,1,0,0,1,1,0,0,0,1,0,1,0,0,0,1,0,0,1,1,0,0,0,0,0,0,1,1,0
syn_r300_0056,1,0,0,1,1,0,1,1,1,0,0,0,1,1,1,0,1,1,0,0,1,1,0,0,0,1,0,1,0,1,1,0,0,0,1,0,0,0,0,0,1,0,0,1,0,0,1,0,0,1,0,0,0,0,1,1,0,0,0,0,0,0,0,1,0,0,0,0,0,0,0,0,1,1,0,1,1,1,0,0,1,0,1,0,1,1,0,0,0,1,0,1,1,0,1,0,0,0
syn_r300_0057,1,1,1,1,1,0,1,1,1,1,0,0,0,0,0,0,0,1,0,0,0,0,1,0,1,1,0,0,0,0,0,0,1,0,0,1,1,1,0,0,1,0,1,0,0,1,0,1,0,0,1,0,0,0,0,0,0,0,0,0,0,1,0,0,0,0,1,0,1,0,0,0,1,1,0,1,1,1,0,0,0,0,1,1,0,0,0,0,0,0,1,0,0,0,1,0,1,0
syn_r300_0058,0,0,1,1,1,0,0,1,1,1,0,1,1,1,1,1,0,0,1,0,1,1,1,1,0,0,1,1,0,1,1,1,0,0,0,1,1,1,1,0,1,1,0,1,1,1,1,0,0,1,0,1,0,0,1,0,0,0,1,0,1,1,1,1,1,0,0,0,1,0,0,1,1,0,0,1,1,1,1,0,0,0,1,1,0,1,1,1,1,1,1,0,0,0,1,1,1,0
syn_r300_0059,1,0,0,1,1,1,1,1,0,1,1,1,0,1,0,0,1,1,1,1,1,0,0,1,1,1,1,1,1,1,1,0,0,0,0,1,1,1,0,1,1,1,1,1,1,0,1,0,0,0,1,0,1,1,1,0,1,0,1,1,1,1,0,1,1,0,0,1,0,1,0,1,1,1,0,1,0,1,1,1,1,1,1,1,0,0,1,1,1,1,1,1,1,1,1,1,1,1
syn_r300_0060,0,1,1,0,1,1,1,0,0,1,0,1,1,1,0,0,1,1,1,1,1,1,0,1,1,1,1,1,1,1,1,0,1,1,0,1,1,0,1,0,0,1,1,0,0,1,0,0,1,1,1,0,1,0,1,1,0,0,0,1,1,1,0,1,0,0,1,0,1,0,0,1,1,1,0,0,1,1,1,1,1,1,1,1,0,1,1,0,1,0,0,1,0,0,1,0,1,0
syn_r300_0061,1,1,1,1,1,1,1,1,1,1,1,1,1,1,1,1,1,1,1,1,1,1,0,1,1,1,1,1,1,0,1,1,1,1,1,0,1,1,1,1,1,0,1,1,1,1,0,1,1,1,1,1,1,1,1,1,1,1,1,0,0,1,1,1,1,0,1,1,1,1,1,1,1,1,1,0,1,1,1,1,1,1,1,1,1,1,1,1,0,1,1,1,1,1,1,1,1,1
syn_r300_0062,0,0,1,0,0,0,1,0,1,1,0,1,0,0,0,1,0,1,0,1,0,0,0,0,0,0,0,1,0,0,1,0,1,1,0,0,1,0,0,0,0,1,1,0,0,1,0,1,0,0,0,0,0,0,1,0,0,0,1,1,0,1,0,0,1,0,1,1,0,0,0,0,1,0,1,0,0,0,0,0,0,0,1,0,1,1,0,0,0,0,1,0,0,0,0,0,0,0
syn_r300_0063,0,1,0,1,0,0,0,0,1,1,0,0,0,1,0,0,0,0,0,0,0,0,1,1,0,1,1,0,0,1,1,1,0,1,0,0,0,1,0,0,1,1,0,0,0,0,0,1,0,0,1,0,0,1,0,0,0,0,0,1,0,1,1,1,0,0,1,0,1,0,1,1,0,1,1,0,0,0,1,1,0,0,0,0,1,1,0,1,0,0,0,1,0,0,1,1,0,0
syn_r300_0064,1,0,1,1,1,0,0,1,0,0,0,1,1,1,0,0,0,1,1,1,0,1,0,1,1,1,1,0,1,1,1,1,0,0,1,0,1,1,0,1,1,0,1,1,1,1,1,0,0,1,0,0,1,0,1,0,1,0,1,0,0,1,1,0,0,0,0,0,1,0,0,0,1,1,1,1,1,1,0,1,1,1,1,1,1,0,1,1,1,1,1,1,1,1,1,1,1,0
syn_r300_0065,1,1,0,1,1,1,1,1,1,0,0,0,0,1,1,1,1,1,1,0,0,1,1,1,1,1,1,1,1,0,1,0,1,1,1,1,1,0,0,1,1,1,1,1,1,0,0,1,0,1,1,0,1,1,1,1,1,1,1,1,1,1,1,1,1,1,1,0,1,1,1,1,0,1,1,1,1,0,1,0,1,1,1,0,1,0,0,1,1,0,1,1,0,1,1,1,1,1
syn_r300_0066,1,1,1,0,1,0,1,1,1,0,0,0,0,1,1,1,0,1,0,1,1,1,0,1,1,0,1,1,0,1,1,0,1,0,0,1,1,1,1,0,0,0,1,1,0,1,1,0,1,1,1,0,1,1,0,0,1,0,1,1,1,1,0,1,0,1,0,1,1,1,0,0,1,1,1,1,0,0,0,1,1,0,0,0,0,1,0,1,0,1,1,1,1,1,1,1,1,1
syn_r300_0067,0,1,0,0,0,1,0,1,0,0,0,1,0,1,0,1,0,0,1,1,0,1,0,0,0,0,1,1,1,1,0,1,1,1,0,1,0,0,0,0,1,1,1,1,1,0,0,1,1,1,1,0,1,0,0,1,0,0,0,1,0,0,1,0,0,0,1,0,0,0,1,1,0,1,0,0,1,0,0,0,0,0,0,0,0,1,1,1,1,1,1,0,0,1,1,0,1,0
syn_r300_0068,1,0,1,0,0,1,0,1,1,0,1,1,1,0,1,1,0,1,1,0,1,0,1,0,0,0,1,1,1,1,1,1,1,1,1,1,1,1,1,0,0,1,1,0,1,1,1,1,0,1,1,1,1,0,1,0,1,1,0,1,0,0,1,0,1,1,1,1,1,1,1,1,1,1,1,1,0,1,1,1,0,1,1,0,1,1,1,1,0,1,0,1,1,1,0,1,0,1
syn_r300_0069,0,0,1,0,0,0,0,1,0,1,0,0,0,1,0,0,0,0,0,1,0,1,0,1,0,1,0,1,1,0,0,0,0,0,0,0,1,1,0,1,1,1,1,0,0,0,0,0,0,0,0,0,1,1,0,0,1,0,0,0,0,0,1,0,0,0,1,1,0,0,0,0,0,0,0,0,1,0,0,0,1,0,0,0,0,1,0,0,0,0,0,1,0,0,0,0,1,1
syn_r300_0070,0,1,1,0,1,0,1,1,1,0,1,1,0,0,1,1,1,1,1,1,0,1,1,1,0,1,1,1,0,1,1,0,0,0,1,1,1,1,1,1,0,0,1,0,0,1,1,0,1,1,0,1,1,1,1,1,1,1,0,1,0,0,1,0,1,0,1,1,1,0,0,0,0,1,1,0,0,0,1,1,1,1,1,0,1,0,1,1,1,1,0,1,1,1,0,1,1,1
syn_r300_0071,1,1,0,1,1,1,1,0,0,1,0,0,0,1,0,1,0,0,0,1,0,0,1,1,1,0,0,0,0,1,1,0,1,1,0,0,0,0,0,0,1,0,0,0,0,0,1,1,0,1,1,0,1,1,1,1,1,1,1,1,1,1,0,1,0,0,1,1,1,0,0,0,1,1,0,0,0,0,1,0,1,0,0,0,0,0,1,1,1,0,0,0,1,0,0,1,0,0
syn_r300_0072,1,1,1,1,1,1,0,1,1,1,1,1,1,1,1,1,1,0,1,1,1,0,1,1,1,1,1,1,1,1,1,1,0,1,1,1,1,1,0,1,1,1,1,0,1,1,0,1,1,1,1,1,1,1,1,1,0,1,1,1,1,1,1,1,1,1,1,0,0,1,1,1,1,1,1,1,0,0,1,1,1,1,1,0,1,1,1,0,0,1,0,1,1,1,1,1,1,1
syn_r300_0073,1,0,0,1,1,0,0,1,0,1,1,0,1,1,1,1,0,1,1,1,1,0,1,1,0,0,1,0,0,1,0,1,0,1,1,1,0,1,1,1,1,0,1,0,0,1,1,1,1,1,0,1,1,1,0,0,1,1,0,0,1,0,1,0,1,1,1,1,1,1,0,1,1,1,1,1,1,0,0,0,0,0,0,0,0,1,1,1,1,1,0,0,1,1,1,1,1,0
syn_r300_0074,0,1,0,1,1,0,1,0,1,1,0,0,1,1,0,0,0,0,0,1,0,1,0,0,0,0,0,0,1,1,0,0,1,0,1,1,1,1,0,1,1,0,0,1,1,1,1,0,1,0,1,0,0,1,1,0,1,0,1,1,0,1,0,0,1,1,0,0,1,1,1,1,1,0,1,0,1,1,0,0,1,1,0,1,0,1,1,1,0,1,1,1,0,1,0,1,0,0
syn_r300_0075,1,0,0,1,1,1,1,0,1,1,0,0,0,1,0,1,0,1,1,1,0,0,0,1,0,1,1,1,0,1,0,1,0,0,1,1,1,1,1,1,1,1,1,0,0,1,1,1,1,1,0,1,1,0,1,0,0,0,0,1,0,1,0,0,1,1,1,1,0,1,0,1,1,0,1,0,0,1,0,0,1,0,1,1,1,0,1,1,1,1,0,0,1,1,1,1,1,1
syn_r300_0076,1,0,0,1,1,0,0,1,1,0,0,0,0,1,1,1,0,1,0,0,0,1,1,1,1,0,1,0,0,1,1,1,0,0,0,1,1,1,0,1,0,1,0,1,1,1,1,1,1,0,1,0,0,0,0,0,0,0,1,0,0,1,0,0,1,0,1,1,1,0,1,1,1,1,1,1,1,0,1,0,1,1,1,1,1,0,0,1,1,1,1,1,0,0,1,1,1,1
syn_r300_0077,1,0,0,1,1,1,0,1,1,0,0,1,0,0,1,1,0,1,0,1,1,0,1,0,1,0,1,1,0,1,1,0,1,1,0,1,1,0,1,0,0,1,1,0,1,0,1,1,1,0,1,0,0,0,0,0,1,0,1,0,1,1,0,0,0,0,0,1,1,0,0,1,1,1,1,1,1,1,0,0,0,0,0,0,0,0,0,0,1,1,0,0,0,1,0,0,0,1
syn_r300_0078,1,0,1,0,0,0,0,0,0,0,1,0,1,1,1,0,0,0,1,0,0,0,0,1,0,0,1,1,1,0,0,0,1,1,0,0,1,0,1,1,0,1,0,0,0,1,1,1,1,1,0,1,0,1,0,1,1,0,0,0,0,1,0,1,0,1,0,1,0,1,1,1,0,0,1,0,1,0,0,0,1,0,1,1,1,1,0,1,1,1,1,0,0,1,0,1,1,0
syn_r300_0079,0,0,1,1,1,1,1,1,1,0,0,0,0,1,1,1,1,0,0,1,1,1,1,0,0,0,1,1,0,0,0,0,0,0,0,0,1,1,1,0,1,1,1,1,0,1,1,1,0,1,1,0,1,0,1,1,0,1,0,1,1,0,1,0,1,1,1,1,1,0,0,0,1,1,1,1,1,0,0,0,0,0,1,1,0,0,1,0,1,0,1,1,0,1,1,1,1,1
syn_r300_0080,0,0,0,0,0,0,1,1,0,0,1,1,0,0,1,1,0,0,0,1,0,0,0,1,0,0,0,0,0,0,0,0,0,1,0,1,0,0,0,1,1,1,0,0,1,1,0,0,1,1,1,0,1,0,1,1,1,0,0,0,0,1,0,1,1,0,0,0,1,1,1,1,1,0,0,0,1,1,0,1,1,0,0,1,0,1,0,1,0,0,0,0,1,1,1,0,0,1
syn_r300_0081,0,0,1,0,0,1,0,0,0,0,0,0,0,0,0,0,1,0,0,0,0,1,0,1,1,0,0,1,1,1,1,0,0,0,1,0,1,0,0,1,0,0,1,1,0,0,0,0,0,0,0,0,1,1,1,1,0,0,0,1,0,0,0,0,0,0,1,0,0,0,1,1,1,0,0,1,1,0,0,0,0,0,1,0,1,1,0,1,0,0,0,0,0,0,1,1,0,0
syn_r300_0082,1,1,0,1,1,1,1,0,1,1,1,1,1,1,1,1,0,0,1,1,1,1,1,0,0,0,1,0,1,1,1,1,1,1,0,1,0,1,1,1,1,0,1,1,1,1,1,0,1,1,0,0,1,1,1,1,1,1,1,0,0,0,0,0,1,1,1,1,1,1,1,0,0,1,1,1,1,1,0,0,1,1,1,0,1,1,0,0,1,1,1,1,1,1,1,1,1,0
syn_r300_0083,1,1,1,1,1,1,0,1,1,1,1,1,1,0,1,0,1,0,0,0,0,0,1,1,1,0,1,1,1,1,1,0,1,0,1,1,0,0,0,0,1,1,0,1,1,1,1,1,0,0,1,1,1,1,0,1,1,0,1,1,0,1,1,1,1,1,1,1,1,1,1,1,1,1,1,1,1,1,1,1,1,0,1,0,0,1,0,1,1,0,1,0,1,1,1,1,1,1
syn_r300_0084,1,1,1,1,1,0,0,1,1,1,0,1,1,1,1,1,0,1,1,1,1,1,1,1,1,1,1,1,1,1,1,1,1,0,0,1,1,1,1,0,1,1,1,1,1,0,1,1,0,1,1,1,1,1,1,1,1,1,1,1,1,1,1,1,1,1,0,1,1,0,1,1,1,1,1,1,0,1,1,1,1,1,1,1,1,1,1,1,1,1,1,1,1,1,1,1,1,1
syn_r300_0085,0,1,0,0,1,0,1,0,0,0,0,1,0,1,0,0,0,0,0,1,0,0,1,0,1,0,1,1,0,1,1,1,1,0,1,0,0,1,0,1,0,1,1,0,0,0,0,0,0,0,0,1,0,0,0,1,0,0,0,0,1,1,1,0,0,0,1,1,0,0,0,0,1,0,1,1,0,1,0,0,1,0,0,0,0,1,0,1,0,0,0,0,0,0,0,0,0,0
syn_r300_0086,0,1,1,0,0,0,1,1,0,0,0,0,0,1,1,1,0,1,0,1,0,1,1,1,0,1,1,1,0,0,0,1,1,1,1,0,0,1,0,1,1,1,0,0,1,1,1,1,1,0,0,1,1,0,0,1,1,0,0,0,1,1,1,1,1,1,1,1,1,0,0,1,0,1,1,0,1,1,1,0,1,0,1,0,1,1,0,1,0,1,1,1,1,1,0,0,0,1
syn_r300_0087,1,0,1,1,0,0,1,1,1,1,1,0,0,1,0,0,0,0,1,1,1,0,0,1,0,0,1,1,0,0,1,0,0,0,0,1,0,1,1,0,1,0,1,1,1,1,1,0,0,0,0,1,0,1,0,1,1,1,0,1,1,0,1,1,0,0,1,1,0,1,1,1,1,0,1,0,0,1,1,1,0,1,1,0,1,1,1,1,1,0,0,1,1,1,1,0,1,1
syn_r300_0088,1,0,1,1,1,0,1,0,0,1,0,0,0,1,1,1,0,1,0,1,0,0,0,0,0,1,1,1,0,0,1,0,1,0,1,0,1,1,0,1,0,1,1,1,0,0,0,1,0,1,1,0,0,0,0,1,0,0,0,0,1,1,0,1,1,0,1,0,1,0,1,1,1,0,1,1,0,0,0,1,1,1,1,1,1,1,0,0,0,1,1,0,0,0,1,0,0,0
syn_r300_0089,1,0,1,1,1,1,0,1,0,1,0,0,1,1,0,1,0,1,0,1,1,1,0,0,1,1,1,1,0,1,1,0,0,0,1,0,0,1,1,1,1,1,1,0,1,0,0,1,0,1,1,0,1,0,1,0,0,0,0,0,1,1,0,1,1,0,1,0,1,0,1,1,1,1,1,1,1,1,0,1,1,1,1,1,0,1,1,1,1,1,1,1,0,1,1,0,1,1
syn_r300_0090,1,1,0,1,0,0,0,1,0,0,0,1,0,0,0,1,1,0,0,0,0,1,0,1,0,0,0,0,0,1,0,1,0,0,0,1,0,1,0,0,1,0,0,0,0,0,0,1,0,1,0,0,0,0,0,1,0,1,1,0,1,1,1,0,0,1,1,1,1,1,0,0,0,0,0,0,0,1,1,0,0,1,0,0,0,0,0,0,0,0,0,0,1,1,1,1,1,1
syn_r300_0091,1,0,0,0,0,0,0,1,0,1,0,1,0,0,0,1,0,1,0,0,0,0,1,1,0,0,0,1,0,1,1,1,0,0,0,1,0,1,0,1,1,0,1,1,0,1,1,1,0,0,0,0,0,0,1,0,1,1,0,1,0,1,0,1,0,1,0,0,1,1,0,1,0,0,0,1,1,1,0,1,1,0,1,0,1,0,0,0,1,1,0,1,1,0,0,0,1,0
syn_r300_0092,1,1,1,1,0,0,0,0,1,0,0,0,0,1,0,1,1,1,0,0,1,1,0,1,1,1,0,1,0,1,1,0,0,0,0,1,0,0,1,1,1,1,0,1,1,1,1,0,1,1,0,1,0,1,1,1,1,1,1,0,1,1,0,1,1,1,1,1,1,0,0,1,1,1,1,1,1,1,1,1,1,1,1,0,1,0,0,1,0,1,1,0,0,0,0,1,1,1
syn_r300_0093,0,0,1,0,1,0,0,0,0,1,0,0,0,0,0,1,0,0,1,1,0,1,1,0,1,0,1,1,1,0,0,0,1,1,0,1,1,0,1,0,1,0,0,0,0,0,0,0,0,0,0,0,0,0,1,0,0,0,1,1,0,1,0,1,1,1,0,1,0,1,0,0,0,0,1,0,0,1,0,0,0,1,0,1,0,1,0,1,0,0,1,0,0,1,0,0,0,1
syn_r300_0094,0,0,1,1,0,1,1,0,1,1,0,1,1,1,1,0,1,0,0,0,1,0,0,1,0,1,1,1,1,1,0,0,1,0,0,0,1,0,1,1,0,1,1,0,1,1,1,0,1,0,0,0,1,1,1,0,0,0,0,0,0,0,0,0,0,1,1,1,1,1,0,1,0,1,0,0,0,0,1,1,1,0,0,0,1,1,0,1,0,1,0,0,0,1,0,1,1,0
syn_r300_0095,1,0,0,0,1,0,1,1,0,0,0,0,1,0,1,0,1,0,0,1,1,0,0,0,0,0,1,1,0,0,0,0,1,0,1,0,1,0,1,0,1,1,0,1,0,1,0,1,0,0,0,0,0,0,1,1,0,0,1,1,1,0,1,1,1,1,1,1,0,1,1,0,1,1,0,1,1,1,1,1,1,1,0,1,1,1,0,0,0,1,0,0,0,0,0,0,0,0
syn_r300_0096,1,0,0,1,0,0,0,1,0,0,1,0,0,0,0,0,0,1,0,1,0,1,1,1,0,0,1,0,1,0,0,0,0,0,0,1,1,0,1,1,0,1,1,0,1,1,1,1,1,1,0,0,0,0,0,0,0,0,0,0,1,0,0,0,0,1,0,1,0,0,0,1,1,1,1,0,0,0,0,0,1,0,1,0,1,0,0,0,0,0,1,1,0,0,1,0,0,0
syn_r300_0097,0,0,0,1,1,0,1,1,0,1,0,0,1,1,1,0,1,1,0,1,1,0,1,0,0,0,1,1,1,0,0,0,0,0,0,1,0,1,0,0,1,0,1,1,1,0,1,0,0,0,1,1,0,1,1,1,1,0,0,1,0,0,1,0,0,0,0,1,0,1,0,0,0,1,1,1,1,0,0,0,0,1,1,0,1,1,0,1,0,0,1,1,0,1,1,0,1,0
syn_r300_0098,1,1,1,0,0,0,1,0,1,0,0,0,1,0,1,0,0,1,0,0,1,0,0,1,1,1,0,0,1,0,0,0,0,1,0,1,0,1,0,0,0,0,1,1,0,1,1,0,0,0,0,0,1,1,1,0,0,0,0,1,1,0,0,0,0,0,1,0,0,1,1,0,0,0,1,1,0,1,0,0,0,0,0,0,0,0,0,0,0,1,0,0,1,1,0,0,0,0
syn_r300_0099,1,1,0,0,0,0,0,1,1,0,1,0,0,1,0,1,1,0,1,0,1,1,0,0,0,0,0,1,1,0,1,0,1,0,1,1,1,0,0,0,1,0,0,1,0,1,0,1,0,1,0,0,1,0,1,1,1,0,0,1,1,1,1,0,1,1,0,0,1,0,1,0,0,0,1,0,1,0,1,0,1,0,0,0,1,1,0,1,0,1,0,0,0,0,1,1,1,0
syn_r300_0100,1,1,1,1,0,1,1,1,1,0,0,1,1,1,1,1,0,1,1,1,1,0,1,1,1,1,1,1,1,1,1,1,1,1,1,1,1,1,0,1,1,1,1,0,1,1,1,0,1,1,1,1,0,1,1,1,1,1,1,1,0,1,1,1,1,1,1,1,1,1,1,0,1,1,1,1,1,0,1,1,0,1,1,1,1,1,1,1,1,1,1,1,1,1,0,1,1,1
syn_r300_0101,1,0,1,0,1,0,1,1,0,1,1,0,0,0,0,1,0,1,0,0,1,1,0,0,0,1,0,0,0,0,0,1,1,1,0,1,1,1,0,0,0,1,0,0,0,0,1,0,0,0,0,1,0,1,0,0,1,1,1,0,1,0,0,0,1,0,0,1,0,0,0,1,1,0,1,0,0,1,1,0,0,1,1,0,0,0,0,1,0,1,0,1,1,1,1,0,0,0
syn_r300_0102,1,0,1,0,0,1,0,0,0,0,0,0,0,0,1,0,1,1,0,0,1,1,0,0,1,0,0,0,0,0,0,0,1,0,1,0,0,0,0,0,0,1,1,0,0,1,0,1,0,0,0,0,0,0,0,0,0,0,1,0,1,0,0,0,1,0,0,0,1,1,0,0,0,0,1,0,0,0,0,0,0,0,1,0,1,1,0,1,1,0,1,0,0,0,1,1,0,0
syn_r300_0103,1,0,1,1,0,1,0,0,1,0,1,1,1,0,0,0,1,0,0,0,0,1,0,0,1,1,1,1,0,1,1,0,0,0,0,0,0,1,0,1,1,0,0,1,1,0,0,0,0,0,0,0,1,1,0,1,1,0,0,1,0,1,1,1,1,0,1,0,1,0,0,0,1,1,0,1,1,0,0,0,1,0,1,0,0,0,0,1,0,1,1,1,0,1,0,1,1,0
syn_r300_0104,0,0,1,1,1,0,1,0,0,1,0,0,0,1,0,1,0,1,1,0,1,1,1,0,1,1,1,1,0,1,1,1,1,1,1,1,1,1,0,1,0,1,0,1,1,0,0,1,0,0,0,0,1,0,1,0,1,0,0,0,0,1,0,1,1,1,1,0,1,1,0,0,1,0,0,1,1,1,1,1,1,1,0,1,1,1,1,0,1,1,1,1,1,0,1,1,0,1
syn_r300_0105,0,0,1,1,1,0,0,0,1,1,0,1,1,1,1,0,0,1,0,1,0,0,0,0,1,1,1,1,0,0,1,0,0,0,0,0,1,1,0,0,1,1,0,0,1,0,0,1,1,0,0,0,0,1,0,0,0,0,1,0,0,1,0,0,1,1,0,1,1,0,0,0,1,1,1,1,0,1,0,1,1,1,1,0,1,1,1,0,0,1,1,1,0,0,1,0,1,1
syn_r300_0106,0,1,1,1,0,1,1,1,1,1,0,1,1,1,1,0,1,0,1,1,1,0,1,1,1,0,1,1,0,0,0,1,0,0,0,1,0,0,1,0,1,1,0,0,0,0,0,1,0,0,1,1,0,0,1,1,1,0,1,1,1,1,0,0,0,1,0,0,0,1,0,1,1,0,0,0,1,0,1,0,0,0,1,1,1,0,0,1,1,0,0,0,1,0,1,1,1,0
syn_r300_0107,0,1,0,1,0,0,1,0,1,0,0,0,0,0,0,0,1,0,1,0,0,0,0,1,0,0,0,0,0,0,0,1,1,0,0,1,0,0,0,0,0,0,0,0,0,0,1,1,0,0,0,1,0,1,0,1,0,0,0,0,0,1,0,0,0,0,0,0,0,0,0,0,0,1,0,0,1,0,0,0,0,1,0,0,0,0,0,1,0,0,0,0,0,0,0,0,0,0
syn_r300_0108,1,0,0,0,0,0,1,0,0,0,0,0,0,1,1,0,1,1,1,0,1,1,0,0,0,1,1,0,1,0,0,0,0,0,0,1,0,1,1,0,1,0,1,0,0,1,1,0,0,1,0,0,0,1,1,0,1,0,0,0,0,0,1,1,0,0,0,1,0,0,1,0,0,0,1,1,0,0,1,0,1,1,0,1,1,0,0,1,0,1,0,0,1,1,1,1,0,1
syn_r300_0109,0,0,0,1,1,1,0,0,0,0,0,1,0,1,1,1,1,0,1,0,0,1,1,0,0,0,1,1,1,0,0,1,1,1,1,1,1,1,0,0,1,1,1,1,0,1,1,0,0,1,0,0,1,1,1,1,1,1,0,0,0,1,1,1,0,1,0,1,1,1,1,0,0,1,1,1,1,0,0,1,0,0,1,1,0,1,1,1,1,1,1,1,1,1,1,0,0,1
syn_r300_0110,1,1,1,1,0,1,0,1,0,1,1,1,1,1,1,1,1,1,1,1,1,0,1,0,1,0,1,1,1,1,1,0,1,1,1,1,1,1,1,1,1,1,1,1,1,1,1,0,0,1,1,1,1,1,1,1,1,1,1,1,0,0,1,0,1,0,1,1,1,0,1,1,0,1,1,1,0,1,1,0,1,1,1,1,1,0,1,1,1,1,0,1,0,1,1,0,1,1
syn_r300_0111,1,0,1,1,1,1,1,1,1,1,1,1,1,1,1,1,0,1,1,1,1,1,1,1,0,1,1,1,0,1,0,1,1,1,1,1,0,0,1,1,1,0,1,1,1,1,1,0,0,1,0,1,1,1,1,1,0,1,0,0,1,0,1,0,1,1,1,1,1,1,0,1,1,1,1,1,1,1,1,1,0,1,1,0,1,0,1,1,1,1,1,1,1,1,1,1,1,1
syn_r300_0112,0,1,0,1,0,1,0,1,0,0,0,0,0,1,0,0,1,1,0,0,0,0,1,1,1,1,0,1,0,1,0,0,1,0,1,1,1,0,0,1,1,1,1,0,1,0,1,0,0,0,0,0,1,0,1,1,1,1,1,0,1,0,0,0,1,0,1,0,1,0,0,1,1,0,0,1,1,0,1,0,1,0,1,1,1,0,0,0,0,0,1,0,0,0,0,0,1,0
syn_r300_0113,0,1,1,1,0,1,1,1,1,1,1,1,1,1,0,1,0,1,1,1,1,1,1,1,0,1,1,0,1,1,0,0,0,1,1,1,1,0,0,0,1,1,1,1,0,1,1,0,1,1,1,1,1,1,1,1,1,0,0,1,1,1,1,1,1,0,1,1,1,1,1,1,0,1,1,1,0,1,0,1,1,1,1,1,0,1,0,1,1,1,0,1,1,1,1,1,1,1
syn_r300_0114,1,0,1,1,0,0,1,0,0,1,0,1,0,1,0,1,1,0,0,1,0,0,0,0,0,0,0,1,1,1,0,1,1,1,1,0,0,0,0,0,0,1,0,1,0,1,1,1,1,1,0,0,0,0,0,0,1,0,0,0,0,1,0,0,0,1,1,0,0,0,1,0,1,1,1,1,0,1,1,1,0,1,0,1,1,1,1,1,1,0,0,1,1,1,1,0,0,0
syn_r300_0115,1,0,1,0,1,0,1,1,0,0,0,1,1,1,0,1,1,1,1,0,0,1,0,0,1,0,1,1,1,1,1,1,0,0,0,0,1,0,1,1,1,1,0,0,1,1,0,0,1,0,0,0,0,0,1,0,0,1,1,0,0,1,1,0,1,0,0,0,1,0,0,1,1,1,0,1,0,1,0,0,1,1,1,1,1,0,0,1,0,1,1,1,0,0,1,1,0,1
syn_r300_0116,0,0,1,1,0,0,1,1,0,1,0,0,1,1,0,0,0,0,0,0,0,0,0,0,1,1,1,0,1,1,0,0,1,0,0,0,1,1,0,0,1,1,0,0,0,0,0,1,1,0,0,0,1,0,1,1,0,0,0,0,1,0,1,0,1,1,0,0,0,1,0,0,1,1,0,1,0,0,1,0,0,0,0,1,0,0,0,1,0,0,0,1,0,1,1,0,1,1
syn_r300_0117,1,1,0,1,1,1,1,1,1,1,1,1,0,1,1,1,0,1,1,1,1,1,1,1,0,1,1,1,0,0,1,1,1,0,1,1,1,1,1,1,1,0,1,1,0,1,1,0,1,0,0,0,0,1,0,0,0,1,0,1,1,1,1,1,0,1,0,1,1,1,0,1,1,1,1,1,1,1,1,1,1,0,1,1,1,1,0,1,1,0,0,1,1,1,1,1,1,1
syn_r300_0118,1,1,1,1,1,1,0,0,1,0,0,1,1,1,0,1,1,1,1,1,1,1,1,1,1,1,1,1,1,1,1,1,1,1,1,0,1,0,1,1,0,1,1,1,0,1,1,1,1,1,1,0,1,1,1,1,1,1,1,1,1,1,1,1,1,1,1,1,1,1,1,1,0,1,1,1,1,1,1,1,1,0,1,1,1,1,1,0,1,1,1,1,1,1,1,1,1,1
syn_r300_0119,1,0,1,1,1,0,1,0,0,0,0,0,1,1,0,1,1,0,0,1,0,0,0,0,1,1,1,1,1,1,0,0,0,1,0,0,0,1,0,1,1,0,0,0,1,0,1,1,1,1,0,1,0,1,0,1,0,1,1,1,1,1,1,1,1,0,0,1,1,0,1,1,1,0,0,1,1,1,1,1,1,1,0,1,1,1,0,0,0,1,1,0,0,1,1,0,0,1
syn_r300_0120,1,0,1,1,1,1,1,1,0,1,1,0,1,1,1,1,0,0,1,1,0,0,0,0,0,1,1,1,0,0,0,1,0,1,0,1,1,1,1,0,1,0,1,0,0,1,1,1,0,1,0,0,0,1,1,1,0,0,0,0,1,1,1,1,1,1,0,1,0,1,1,0,0,0,1,0,1,0,0,1,0,1,1,1,1,1,0,0,0,0,0,1,0,0,1,1,0,0
syn_r300_0121,1,0,0,0,0,0,0,1,0,0,0,0,0,1,0,0,0,0,0,1,0,0,0,0,1,0,1,1,0,0,1,0,0,0,0,0,1,0,0,0,1,0,0,0,0,0,0,0,0,0,0,0,0,0,1,0,0,0,0,0,1,1,1,0,0,1,1,0,0,1,1,0,1,0,0,1,1,0,0,0,0,0,1,0,0,0,0,1,0,0,0,0,0,0,1,0,0,0
syn_r300_0122,0,1,1,1,1,1,1,1,1,1,0,1,1,0,1,1,1,1,0,1,1,1,1,0,1,0,1,0,1,1,1,1,1,1,1,1,1,0,0,1,1,0,1,1,1,1,1,1,1,1,1,0,1,0,1,1,1,1,1,1,1,1,1,0,1,1,1,1,1,1,0,1,0,1,0,1,1,1,0,0,1,0,1,1,1,0,0,1,1,1,1,1,1,1,1,1,1,1
syn_r300_0123,1,1,0,1,1,1,0,1,0,0,0,0,1,0,1,0,0,1,0,1,1,0,1,0,1,1,1,1,1,1,1,0,1,1,1,0,0,1,0,1,1,1,0,1,1,0,1,1,1,0,0,0,0,0,1,0,1,1,1,1,0,1,0,1,1,1,0,1,1,1,1,1,0,0,0,1,1,1,0,1,1,1,1,1,1,1,1,0,1,0,0,0,1,1,1,1,0,0
syn_r300_0124,1,1,0,1,0,0,0,1,0,0,0,0,0,1,0,0,0,1,0,1,1,1,0,1,0,0,1,0,0,1,0,1,0,1,0,0,1,1,0,0,1,0,0,1,0,0,1,0,0,0,0,0,0,0,0,1,0,1,0,0,0,0,1,0,0,0,0,0,1,1,0,0,0,1,0,0,1,1,1,1,1,0,0,0,0,0,0,1,0,0,0,0,0,1,1,1,0,0
syn_r300_0125,1,1,0,1,1,1,1,1,1,1,1,0,1,1,0,1,1,1,1,1,1,1,0,0,1,1,1,1,1,1,1,1,1,1,0,1,1,1,1,0,1,1,1,1,1,1,1,1,0,0,0,0,1,0,1,0,1,1,0,1,0,0,1,1,1,0,1,0,1,0,0,1,1,1,1,1,1,1,0,1,1,1,1,0,1,1,1,1,1,0,1,1,1,1,1,1,1,1
syn_r300_0126,0,0,0,0,0,1,0,0,0,0,0,1,0,1,0,0,0,0,0,0,1,1,1,0,0,1,1,0,1,0,1,0,1,0,1,0,1,1,0,0,1,1,1,0,0,0,1,0,0,0,0,0,0,0,1,0,0,0,0,0,0,0,0,0,0,0,1,0,1,1,0,0,1,1,1,1,1,1,0,1,0,1,1,0,0,1,0,1,0,0,0,0,0,0,0,0,0,0
syn_r300_0127,0,0,0,0,0,0,1,1,0,0,0,0,0,0,0,0,0,0,0,0,1,0,1,1,0,1,0,1,1,0,0,1,0,0,0,0,0,0,0,1,1,1,0,0,0,0,0,0,1,0,0,0,1,1,1,1,0,1,1,1,0,0,0,0,1,1,0,0,0,0,0,1,0,1,0,0,1,0,0,0,0,1,1,0,0,1,1,0,0,0,0,1,1,1,0,0,1,0
syn_r300_0128,1,1,0,1,1,0,1,1,1,0,1,0,1,1,0,1,1,1,1,1,0,1,1,1,1,0,1,1,1,1,1,1,1,1,1,1,1,1,0,0,1,1,1,1,0,1,1,1,1,1,1,0,1,1,1,1,1,1,1,1,1,1,0,1,1,1,0,1,1,1,0,1,0,1,1,1,1,1,1,1,0,1,1,1,1,1,1,0,0,1,1,1,1,1,1,0,1,0
syn_r300_0129,1,1,1,1,1,1,0,0,0,1,0,0,1,1,0,0,0,1,1,1,0,1,1,1,1,1,0,1,1,0,0,0,1,0,0,0,0,1,0,0,1,0,0,0,1,0,0,1,1,1,1,1,1,0,1,1,1,0,1,0,1,0,0,1,1,0,0,1,0,1,1,0,0,0,0,0,1,0,1,0,1,0,0,1,0,1,0,0,1,0,0,1,1,0,0,0,1,1
syn_r300_0130,1,1,0,1,0,1,0,1,1,0,1,1,0,1,1,0,1,0,0,1,1,1,1,1,1,1,1,0,0,0,1,0,1,0,0,1,0,1,0,1,1,1,0,1,1,0,1,1,0,1,1,0,1,0,1,0,0,0,0,1,1,1,1,0,0,0,1,0,0,1,0,0,1,1,0,0,1,0,0,1,1,1,1,0,1,1,1,0,0,0,0,0,0,0,1,0,0,1
syn_r300_0131,0,0,0,0,0,0,1,0,0,1,1,0,0,0,1,1,0,0,1,0,1,0,0,0,0,0,1,1,0,0,0,1,0,0,0,1,0,1,0,0,1,1,0,0,1,1,0,1,0,0,0,0,0,1,1,0,1,1,0,1,1,1,0,0,0,0,1,0,1,1,1,1,0,0,1,0,1,0,1,1,0,0,1,1,1,0,1,1,1,0,1,1,1,1,0,1,1,0
syn_r300_0132,1,1,1,1,1,0,1,0,1,1,1,1,1,0,0,1,1,1,1,1,0,1,1,1,1,1,1,1,1,1,0,1,1,1,1,1,1,1,1,0,1,1,1,1,1,1,1,1,0,1,0,1,1,0,1,0,1,1,1,1,1,1,1,0,1,1,0,1,1,0,0,1,0,1,0,1,1,1,0,0,1,1,1,1,1,0,1,1,0,1,1,1,1,0,1,1,0,0
syn_r300_0133,1,0,0,1,0,0,1,1,1,1,0,1,1,1,0,0,1,0,1,1,1,0,1,1,0,1,1,1,0,1,0,1,0,1,1,0,0,1,0,0,1,1,0,1,1,0,0,1,0,0,1,0,1,1,1,1,1,1,1,1,0,0,1,0,0,0,1,0,0,0,1,1,1,1,1,0,1,1,1,1,1,0,1,1,0,1,0,0,0,1,1,0,0,0,1,1,0,1
syn_r300_0134,0,0,1,0,0,0,1,1,1,0,0,1,0,0,1,1,1,1,1,0,1,1,1,0,1,1,1,1,1,1,0,1,0,0,1,0,0,1,1,0,1,1,1,0,0,0,1,0,0,0,0,1,0,1,1,1,1,0,0,0,0,1,0,0,0,0,0,0,0,1,0,0,1,1,1,0,0,1,0,1,0,1,1,0,0,1,1,0,1,0,0,0,1,1,1,1,1,0
syn_r300_0135,1,0,0,1,1,0,1,1,1,0,0,0,0,1,1,0,0,1,0,0,1,0,0,0,1,0,1,1,0,1,0,1,0,0,0,0,1,1,1,1,1,1,0,1,0,0,0,0,0,0,1,0,0,0,0,1,0,0,0,1,0,1,1,0,0,1,0,1,1,1,0,1,0,1,0,1,1,1,0,1,1,0,0,0,0,1,0,1,0,1,0,0,0,0,1,0,1,0
syn_r300_0136,0,1,1,1,0,1,1,0,1,0,1,1,0,1,1,0,1,1,0,1,1,0,0,0,1,1,1,1,0,1,1,0,1,1,1,0,0,1,0,1,0,0,1,0,1,1,0,0,0,0,0,0,0,1,0,1,0,0,0,1,0,0,0,0,0,1,0,1,1,1,0,0,1,0,0,0,1,0,0,0,0,1,1,1,1,1,0,1,0,1,0,1,0,1,0,0,0,0
syn_r300_0137,0,1,0,0,0,1,0,0,0,0,0,1,1,1,0,1,1,1,0,1,0,0,1,0,0,0,0,0,0,0,1,0,0,1,0,1,1,1,1,1,1,0,0,0,1,0,0,1,0,0,0,0,1,0,1,1,0,0,0,1,0,1,1,1,0,0,1,0,1,0,0,0,1,0,1,0,1,1,0,0,0,0,0,0,1,1,0,0,0,0,0,1,1,1,1,0,0,0
syn_r300_0138,1,1,1,1,1,0,0,0,0,0,1,1,1,1,0,1,0,0,1,1,0,1,0,0,1,1,0,0,0,1,0,1,0,1,0,1,0,1,1,0,0,0,0,1,1,1,1,1,1,1,1,1,0,1,1,0,1,1,1,0,1,0,0,1,0,0,1,0,1,1,1,0,0,0,1,0,0,0,1,0,1,0,1,1,1,1,1,1,1,1,0,0,1,1,1,1,1,1
syn_r300_0139,0,0,0,0,1,0,1,0,0,1,0,0,0,0,0,1,0,1,0,0,1,1,1,1,1,1,1,0,0,0,0,1,1,1,0,1,0,1,1,0,1,0,1,0,0,1,0,0,0,0,0,0,0,0,1,0,0,0,0,0,0,1,0,1,0,0,0,1,0,0,0,1,1,1,1,1,0,0,1,0,0,1,0,0,0,0,0,0,1,1,1,0,0,1,0,1,0,0
syn_r300_0140,1,1,1,1,0,1,0,1,1,1,0,1,1,1,1,1,1,1,1,1,1,1,1,1,1,0,1,1,1,1,1,1,1,0,1,1,1,1,0,1,1,1,0,1,1,1,0,1,1,1,1,0,1,1,1,1,1,1,1,1,1,1,1,1,1,1,1,1,0,1,1,1,1,1,1,1,1,1,1,1,1,1,1,0,1,1,1,0,0,0,1,0,0,1,1,1,0,0
syn_r300_0141,0,1,1,1,1,0,1,0,1,1,0,0,1,1,0,0,1,1,1,0,1,1,1,0,1,0,1,1,1,1,1,1,1,1,1,1,1,1,1,1,1,1,1,1,1,1,1,1,1,1,0,1,1,0,1,1,1,1,1,0,1,1,1,1,1,1,1,1,1,1,1,1,1,0,1,0,1,1,1,1,1,1,1,1,1,1,1,1,1,1,1,1,1,1,1,1,1,1
syn_r300_0142,0,1,1,0,0,1,1,0,0,0,1,1,1,1,1,1,1,0,1,1,0,1,1,0,0,0,1,1,1,0,1,0,0,1,0,0,0,0,0,0,1,0,1,0,0,1,1,0,0,1,0,0,0,0,0,1,1,1,0,1,0,1,0,0,1,0,0,0,0,1,1,0,0,0,0,0,0,1,1,1,0,1,0,1,0,1,1,1,1,1,1,1,1,1,1,0,1,1
syn_r300_0143,0,0,0,0,0,0,0,0,0,0,0,0,0,1,0,1,0,1,0,1,0,0,0,0,0,1,1,0,1,0,0,0,0,0,0,0,0,0,0,0,0,1,1,0,1,1,0,0,0,0,1,0,0,0,0,1,0,0,1,0,1,0,0,0,0,0,0,0,0,0,0,1,1,0,0,0,0,0,1,1,1,0,0,0,1,0,0,0,0,0,0,1,0,0,0,0,0,0
syn_r300_0144,1,1,0,1,0,0,0,1,1,1,0,1,0,0,0,0,0,0,0,0,0,1,0,0,0,0,1,1,0,1,1,0,0,1,1,0,0,0,0,0,1,1,0,1,0,1,0,0,1,0,0,0,1,0,0,0,0,1,1,1,0,1,1,0,1,0,0,0,0,0,1,0,1,0,0,0,1,1,0,0,1,0,0,0,1,1,0,1,0,1,1,1,0,0,1,1,0,0
syn_r300_0145,1,1,0,1,0,0,0,0,1,0,0,0,0,0,0,0,0,1,0,1,1,1,0,0,1,1,0,0,0,0,1,1,1,1,0,0,1,0,1,0,0,0,0,0,1,1,1,1,0,1,0,1,0,0,0,0,0,0,0,0,0,1,0,0,0,0,0,0,1,0,0,1,0,0,1,1,1,1,0,0,0,1,1,0,0,0,0,0,0,0,1,1,0,1,0,0,0,1
syn_r300_0146,1,1,1,1,1,1,1,1,1,1,1,1,1,1,1,1,0,1,1,1,1,1,1,0,1,1,1,1,1,1,1,1,1,0,0,1,1,1,1,1,1,1,0,1,1,1,1,0,0,1,1,1,1,1,1,0,1,1,1,0,1,1,0,1,0,1,1,1,1,1,1,1,1,1,1,1,1,1,1,1,1,0,1,0,1,1,1,1,1,1,1,1,1,1,1,1,0,1
syn_r300_0147,1,1,0,1,0,1,1,1,0,1,1,1,1,1,1,1,1,1,1,1,0,0,1,1,1,1,0,1,0,1,1,1,1,0,1,1,0,1,1,0,1,0,0,1,1,0,1,1,0,1,0,1,1,0,1,1,0,1,0,0,1,0,1,1,1,1,1,1,1,0,1,1,1,0,0,1,1,1,0,1,1,1,1,1,1,0,1,1,1,1,1,1,1,0,1,1,1,0
syn_r300_0148,1,0,1,1,1,0,1,0,0,1,1,0,0,0,0,1,0,1,1,1,0,1,1,0,0,0,1,0,1,1,1,1,1,1,0,1,0,1,0,1,1,1,1,1,1,1,1,1,1,1,1,0,1,0,0,0,1,0,1,0,0,1,0,0,1,0,1,1,1,1,0,1,1,1,0,1,1,1,1,0,1,1,1,0,0,1,0,1,1,1,1,1,0,1,0,1,1,0
syn_r300_0149,1,1,1,1,1,1,1,1,1,1,0,1,1,1,1,1,1,1,1,1,1,1,1,1,1,0,1,0,0,0,1,1,1,1,1,1,1,1,1,0,1,1,1,1,0,0,1,1,1,1,0,1,1,1,1,1,1,0,1,0,1,1,1,1,0,1,1,1,1,1,1,0,1,1,1,1,1,1,1,1,1,1,1,1,1,1,1,1,1,0,1,0,1,1,1,1,1,0
syn_r300_0150,0,0,0,0,0,0,0,0,0,0,0,0,1,0,0,0,0,0,0,1,1,0,0,0,0,0,1,1,1,1,1,1,0,1,0,1,1,1,1,1,1,0,1,1,1,1,0,1,0,1,1,1,0,1,0,0,1,1,1,0,0,0,0,0,1,0,1,1,1,1,0,1,1,1,1,1,0,1,1,1,0,1,0,1,1,0,1,0,0,0,1,1,0,1,1,0,1,0
syn_r300_0151,1,1,1,1,0,1,1,0,1,1,1,1,1,1,0,1,1,1,0,0,1,1,1,0,0,1,0,0,1,0,0,1,0,1,1,1,0,1,1,0,1,1,1,1,1,1,1,1,1,1,1,1,0,1,1,0,1,1,1,1,1,0,1,1,1,1,0,1,1,1,1,0,1,0,1,1,1,1,1,1,1,1,1,1,0,0,1,1,1,1,1,1,1,1,1,0,1,1
syn_r300_0152,1,1,1,1,1,1,0,0,1,1,0,0,1,1,1,1,1,1,1,1,0,0,1,1,1,0,1,1,1,1,1,1,0,0,1,0,1,1,1,1,0,0,1,1,0,0,1,1,1,0,1,1,1,1,1,1,1,1,1,0,1,1,1,0,1,0,0,1,1,0,1,1,1,1,1,1,1,1,1,0,1,1,0,1,1,1,0,1,1,1,1,1,0,1,1,1,0,1
syn_r300_0153,1,1,1,0,1,0,1,0,1,1,0,1,0,0,0,0,0,0,0,1,0,1,1,1,0,0,0,1,0,0,0,1,1,1,0,0,1,1,0,0,0,0,0,0,1,0,1,1,0,1,1,0,0,0,0,1,1,1,1,0,0,1,0,1,1,1,0,0,1,0,1,1,0,0,0,0,0,1,0,1,0,0,0,1,1,0,1,0,0,0,0,0,0,0,0,1,0,0
syn_r300_0154,1,0,0,1,1,0,0,0,0,1,0,1,0,1,0,0,0,1,1,0,0,1,1,0,0,1,1,1,1,0,1,1,1,1,0,1,0,1,0,0,1,0,0,0,0,1,1,0,0,0,1,1,0,0,1,0,1,1,0,0,0,1,0,1,1,0,1,1,0,0,0,0,1,0,1,1,1,0,0,0,0,1,0,0,1,1,1,0,0,0,0,0,1,1,1,0,1,0
syn_r300_0155,0,0,1,1,1,0,0,0,0,1,0,0,0,1,0,0,1,0,1,1,0,0,1,0,0,1,0,1,1,1,1,0,1,0,1,0,1,0,1,0,1,0,1,1,0,0,1,1,0,1,1,0,0,1,1,0,1,0,0,0,1,0,0,1,1,1,1,1,0,1,1,0,0,1,0,1,1,1,0,1,1,0,0,1,0,1,0,1,0,0,1,1,0,0,0,1,0,0
syn_r300_0156,0,1,0,1,0,1,0,1,0,1,0,1,0,0,1,0,0,0,0,1,0,1,0,1,1,0,0,0,0,0,0,0,0,0,1,0,0,1,1,0,1,0,1,0,0,0,1,0,1,0,0,0,0,1,0,0,0,0,0,0,0,0,0,0,0,0,1,0,0,1,0,0,0,0,0,1,0,0,1,0,0,0,1,1,0,1,0,1,1,0,0,0,0,1,0,0,0,0
syn_r300_0157,1,0,1,0,1,1,1,1,1,0,0,0,1,1,0,1,0,1,1,0,1,1,0,1,0,0,1,1,0,0,0,1,1,0,0,1,0,1,1,0,0,1,1,1,1,0,1,1,0,0,0,0,0,0,1,1,0,0,0,1,1,1,1,1,1,1,0,1,1,0,0,1,1,1,1,0,0,1,0,1,0,0,1,0,0,1,1,0,1,0,0,1,1,0,0,0,1,0
syn_r300_0158,0,1,0,0,0,0,1,0,0,1,0,1,0,1,1,1,1,0,1,1,0,0,0,1,1,0,1,1,1,0,0,1,1,0,0,0,0,0,0,1,1,0,0,1,0,1,0,0,0,0,1,0,1,0,0,1,1,0,1,1,1,1,1,1,0,1,0,1,0,1,0,0,0,1,1,0,0,0,1,1,0,1,0,0,1,1,1,1,0,0,0,0,1,1,1,1,0,0
syn_r300_0159,1,0,0,0,0,1,1,0,0,1,0,1,1,1,1,0,0,0,0,0,0,0,1,0,0,0,0,0,0,1,0,0,0,1,0,0,0,0,0,1,1,1,0,0,1,0,1,1,0,0,0,1,0,0,1,1,0,0,1,1,0,1,0,1,0,1,0,1,0,0,0,0,0,1,0,0,0,0,1,0,1,0,1,0,1,1,0,0,0,0,0,0,0,0,0,1,0,1
syn_r300_0160,0,1,1,0,0,0,1,0,0,0,0,1,1,0,1,0,1,0,1,1,0,0,0,0,0,0,0,1,0,1,1,0,1,1,0,0,0,0,0,0,1,1,0,1,0,0,1,0,0,1,1,0,1,1,0,0,1,0,0,1,0,0,0,0,0,1,0,0,0,1,0,1,0,0,1,1,0,0,0,0,0,0,1,1,0,1,0,1,0,1,0,0,0,0,1,0,0,0
syn_r300_0161,0,0,0,0,0,0,1,1,1,0,0,0,1,1,0,1,0,1,0,1,1,0,0,0,0,0,1,0,1,1,0,0,1,0,0,1,1,1,1,1,1,0,0,1,0,1,0,1,1,1,1,0,0,0,0,0,1,0,0,0,1,1,0,0,1,0,0,0,0,1,0,1,1,0,1,0,0,0,1,0,0,0,1,0,0,0,0,1,1,0,1,0,0,0,0,1,1,0
syn_r300_0162,1,1,0,0,0,1,0,0,0,0,0,0,0,0,1,1,1,1,1,1,0,1,0,0,0,1,1,1,0,1,0,0,1,0,0,0,0,0,0,1,1,1,0,0,0,1,1,0,1,1,0,1,0,0,0,1,1,1,1,0,0,1,1,0,1,0,1,1,0,1,1,1,0,0,1,0,1,1,1,0,0,1,1,0,0,0,1,1,0,0,1,1,0,0,0,1,1,0
syn_r300_0163,0,1,0,1,0,0,0,0,1,1,0,1,0,0,0,1,0,1,1,1,0,0,0,1,0,1,1,1,1,0,0,1,0,0,1,0,0,0,1,0,1,1,1,0,0,1,1,0,0,0,0,1,0,0,1,0,1,1,0,1,0,0,0,1,1,0,1,1,0,0,1,0,1,0,1,0,0,0,1,1,0,0,1,0,0,1,0,0,1,0,0,1,0,1,1,0,1,1
syn_r300_0164,1,1,1,0,1,1,1,1,1,1,1,1,1,1,1,1,1,1,1,1,1,1,1,1,1,1,1,1,0,0,1,1,0,1,1,1,1,1,1,1,1,1,1,1,1,1,1,1,1,1,1,1,0,1,1,1,1,1,1,1,1,1,1,1,1,1,1,1,1,0,1,1,1,1,1,1,1,1,1,1,0,1,1,1,1,0,1,1,1,1,1,1,1,1,1,1,1,1
syn_r300_0165,0,0,0,1,1,1,1,0,1,1,1,0,1,0,1,1,0,1,1,1,1,1,1,1,1,1,1,1,1,0,1,0,1,0,1,0,1,1,1,1,1,1,0,1,1,1,1,1,1,1,1,1,0,0,1,1,1,1,1,0,1,0,1,1,1,1,1,1,0,1,1,1,1,0,0,1,1,0,0,1,1,0,1,1,0,1,1,1,1,0,0,1,1,1,1,0,1,0
syn_r300_0166,1,1,1,1,1,1,0,0,1,0,0,1,0,0,1,1,1,1,1,0,1,0,1,1,1,0,1,0,0,1,1,0,0,1,0,0,0,1,1,1,0,0,1,1,1,0,1,1,0,1,1,0,1,1,1,0,1,0,1,1,0,1,1,0,1,0,1,0,1,1,0,1,0,0,0,1,1,1,1,1,1,1,1,1,0,1,0,0,0,0,1,1,1,0,1,1,1,1
syn_r300_0167,0,0,1,0,0,1,1,1,0,0,1,0,1,0,1,0,0,0,0,0,0,0,0,0,1,1,1,0,0,1,1,1,1,0,1,1,0,0,0,0,1,0,0,1,1,1,0,1,0,1,0,0,0,1,1,0,0,0,0,0,0,0,1,0,0,0,0,0,0,0,0,1,0,0,1,1,0,0,1,0,1,0,1,1,1,0,0,1,0,0,0,0,1,1,0,0,0,0
syn_r300_0168,0,0,1,1,1,0,1,1,1,1,0,1,0,0,1,0,1,1,1,1,1,1,0,0,1,0,1,1,1,1,1,1,1,1,0,1,0,0,1,1,1,1,1,1,1,1,1,1,1,1,1,0,1,0,1,0,1,1,0,0,1,0,1,1,1,0,0,0,1,1,1,0,0,0,0,0,1,1,0,0,0,1,1,1,1,1,1,1,0,1,0,1,0,1,1,1,0,0
syn_r300_0169,0,1,0,1,1,1,0,1,1,1,0,0,1,1,0,1,1,0,1,1,1,1,1,1,1,1,1,1,0,1,1,0,0,1,1,1,1,0,0,1,1,1,0,0,0,0,0,0,0,1,1,0,1,0,1,1,0,0,1,1,1,0,1,1,0,1,1,1,0,0,0,0,1,1,1,0,0,0,1,1,1,0,1,0,1,0,1,0,0,1,0,1,0,0,1,1,1,0
syn_r300_0170,0,1,0,0,0,0,1,0,0,1,0,0,0,1,0,0,1,0,1,1,1,0,1,0,0,1,1,1,0,0,0,1,0,1,0,0,0,0,0,0,1,1,1,0,0,0,1,0,0,0,0,0,0,1,1,0,1,0,0,1,1,0,1,0,0,1,1,0,0,0,1,1,0,0,0,0,0,1,1,1,1,0,1,0,0,1,0,1,0,0,1,1,0,0,0,0,0,0
syn_r300_0171,1,0,0,0,1,1,0,1,1,1,1,0,1,1,1,1,0,1,1,1,1,1,1,1,1,0,1,0,1,1,1,1,0,1,1,1,1,1,1,1,1,1,0,1,0,1,0,1,0,1,1,1,1,1,1,1,1,1,1,1,1,1,1,1,1,1,1,1,1,1,1,1,1,1,0,1,1,1,1,1,1,1,1,1,1,1,0,1,0,1,1,1,1,1,1,1,1,1
syn_r300_0172,1,1,0,1,0,1,1,1,1,1,1,0,0,0,1,1,0,1,0,1,0,0,1,1,1,1,1,1,1,1,1,1,1,1,0,1,1,1,0,1,1,0,1,1,0,1,1,1,0,0,1,1,1,0,1,1,1,1,1,1,1,1,1,0,1,1,0,1,0,1,1,1,1,1,1,1,1,1,0,0,1,1,1,0,1,1,0,1,0,1,1,1,1,1,0,1,1,1
syn_r300_0173,1,0,0,0,0,0,1,0,0,0,0,0,1,0,0,0,1,0,1,0,0,0,0,0,0,0,1,0,0,1,1,1,0,0,0,0,1,0,0,0,0,1,1,0,0,0,0,0,0,0,1,1,0,0,0,1,1,0,0,1,0,0,0,1,0,0,0,0,1,1,0,1,0,0,0,0,1,0,0,0,1,0,1,0,0,0,0,0,1,0,1,1,0,1,1,1,1,0
syn_r300_0174,0,1,1,0,1,1,0,1,0,0,1,1,0,1,1,1,0,0,1,1,1,1,1,0,0,1,1,0,0,1,1,1,1,1,1,1,1,0,0,0,0,1,1,1,0,1,1,1,0,1,0,1,0,1,0,0,1,1,0,1,1,1,1,0,0,1,1,1,1,0,0,0,0,1,1,0,1,0,0,0,1,0,1,1,1,1,1,0,0,1,1,1,0,1,1,0,1,1
syn_r300_0175,0,0,0,1,1,0,1,1,1,1,0,0,0,1,1,1,1,1,0,1,1,0,0,1,0,1,0,1,0,0,0,0,1,1,1,1,1,0,0,1,0,0,0,1,0,1,1,0,0,0,1,1,0,0,1,0,1,0,0,1,1,1,0,1,1,0,0,0,1,1,0,1,1,1,1,1,1,0,0,1,1,0,1,1,1,1,0,1,1,1,1,0,1,1,0,1,1,0
syn_r300_0176,0,1,0,0,0,0,0,0,0,0,0,0,1,0,0,1,0,0,0,1,1,0,1,0,0,1,0,1,0,1,0,1,0,1,1,1,1,1,1,0,1,0,1,1,0,0,0,1,0,0,0,0,0,0,0,1,0,0,0,1,0,0,0,1,1,0,0,1,0,0,0,0,0,0,0,0,0,0,1,0,0,0,0,0,0,0,0,1,0,0,1,0,0,0,1,1,1,0
syn_r300_0177,1,0,1,1,1,1,1,1,1,1,1,0,1,1,0,0,0,1,0,1,1,0,1,1,1,1,1,1,1,1,1,1,0,1,1,1,0,1,1,1,0,0,1,1,1,1,1,0,1,1,1,0,1,0,1,1,1,1,1,1,0,1,1,1,1,0,1,1,1,1,0,1,1,1,0,1,0,1,0,1,1,1,1,0,1,1,1,1,1,0,1,1,1,1,1,1,0,1
syn_r300_0178,1,0,0,1,1,0,1,0,0,0,0,0,0,0,0,0,0,0,0,1,0,0,1,0,0,0,0,0,0,0,1,1,1,0,1,1,1,0,0,0,1,0,0,0,1,0,0,0,0,0,0,0,0,0,0,0,0,1,0,0,1,1,0,1,1,0,1,1,0,1,1,0,0,0,0,0,0,0,0,0,1,0,1,1,0,1,1,1,1,0,1,0,1,1,0,1,0,0
syn_r300_0179,1,1,0,0,1,1,0,1,1,1,0,0,0,0,0,1,1,0,0,1,1,1,0,1,1,0,1,0,0,0,1,0,1,1,0,0,0,1,0,1,0,1,1,1,0,0,0,0,0,1,1,0,1,1,0,0,1,0,0,0,1,0,0,0,1,0,0,1,0,0,0,1,0,0,1,1,1,0,0,1,0,0,0,0,0,1,0,0,1,0,0,1,0,1,1,1,1,1
syn_r300_0180,1,0,0,1,1,1,1,1,1,1,0,0,0,0,1,1,0,1,1,1,1,0,1,1,1,1,1,1,1,1,1,1,0,1,1,1,0,0,1,1,1,1,0,1,1,1,1,1,0,0,0,1,0,1,0,1,1,1,1,1,1,1,1,1,1,1,1,1,1,1,1,0,0,1,1,0,1,1,1,1,1,1,1,0,1,0,1,1,1,1,1,0,0,1,1,1,0,1
syn_r300_0181,1,0,1,0,0,0,0,0,1,0,0,0,1,0,1,1,0,1,0,1,0,0,1,0,1,0,0,1,0,1,1,1,1,1,0,0,0,1,0,0,0,0,1,1,0,0,0,0,1,1,0,1,1,1,0,1,1,0,0,1,0,1,0,0,1,0,0,1,1,1,0,0,0,1,0,1,1,1,1,1,1,1,0,0,0,1,0,0,0,0,1,0,0,0,1,0,0,0
syn_r300_0182,1,1,1,1,1,1,1,1,1,0,1,1,1,0,1,1,1,1,1,0,0,1,1,1,1,1,0,1,1,1,1,1,1,0,1,1,1,1,1,0,1,1,0,1,1,1,1,1,0,1,1,0,1,0,0,1,1,0,1,1,1,1,1,1,1,1,1,1,1,1,1,0,1,1,1,1,1,0,1,1,1,1,0,1,1,0,1,1,1,0,1,1,0,1,1,1,1,1
syn_r300_0183,1,1,0,0,1,0,1,1,0,0,1,0,1,1,1,0,0,0,0,0,0,0,0,0,1,0,1,1,0,0,1,1,0,0,1,1,0,1,0,0,0,0,0,1,1,0,0,1,1,0,1,1,0,0,0,1,0,0,1,0,1,1,0,0,1,1,1,1,1,0,0,0,1,1,1,0,0,0,1,0,1,0,0,0,0,1,1,0,0,1,1,0,1,0,0,1,0,0
syn_r300_0184,0,1,0,1,0,0,1,1,1,0,1,0,0,0,1,1,1,0,1,1,1,1,1,1,1,1,0,0,1,1,0,0,1,1,0,0,0,1,0,0,0,0,0,0,1,0,0,1,0,1,1,1,1,0,1,0,0,1,1,1,1,0,1,0,0,1,0,1,0,0,1,1,0,0,0,1,1,1,0,0,1,0,1,0,1,1,0,0,0,1,0,0,0,1,0,1,1,1
syn_r300_0185,1,1,1,1,0,0,0,0,0,0,0,1,0,1,1,0,0,0,1,1,1,0,1,1,1,0,0,1,0,1,1,0,1,0,1,1,0,0,0,1,1,0,0,1,0,1,1,1,0,0,1,0,0,1,0,1,1,1,0,1,1,1,0,1,0,0,0,0,1,0,0,0,1,1,0,0,1,1,0,0,1,0,0,0,1,1,0,1,1,0,1,1,0,0,1,0,0,0
syn_r300_0186,1,0,1,0,1,1,1,1,1,1,1,1,1,1,1,1,1,1,1,1,0,1,1,1,1,0,1,1,1,1,0,1,0,1,0,1,1,0,0,1,1,0,1,1,1,1,1,0,1,1,1,1,1,0,1,1,1,1,1,1,1,1,0,1,0,1,1,1,1,0,1,1,0,1,1,0,1,0,1,1,1,1,1,1,1,1,1,0,1,1,1,1,1,1,1,1,1,1
syn_r300_0187,0,1,1,1,0,0,0,0,1,0,0,1,0,0,0,1,1,1,1,1,1,0,0,0,1,0,0,0,0,1,1,0,0,1,1,0,0,0,0,1,1,0,1,1,0,0,0,0,1,0,0,0,1,0,1,0,0,0,1,1,0,0,1,1,0,1,0,0,1,1,0,0,1,0,1,1,0,0,0,0,0,0,0,0,0,0,0,1,1,0,0,1,1,1,1,0,1,0
syn_r300_0188,0,0,0,0,0,1,0,1,0,0,0,1,0,1,0,0,0,1,0,0,0,0,0,0,0,0,1,1,0,0,0,1,1,0,0,0,0,0,0,1,1,0,0,0,0,0,0,1,0,0,0,1,1,1,0,0,0,0,0,0,0,0,0,1,1,0,0,1,1,0,1,1,1,1,0,1,0,0,0,0,0,0,1,0,0,1,0,1,1,1,0,0,0,0,0,1,0,0
syn_r300_0189,1,1,1,1,0,1,1,1,0,1,0,1,1,1,1,1,1,1,1,1,1,0,0,1,1,1,1,1,1,1,0,0,0,1,0,0,1,1,1,1,1,0,1,0,1,0,1,1,0,1,1,1,1,1,0,1,0,1,1,1,0,1,0,0,1,1,1,1,1,0,1,1,0,1,1,1,1,1,1,0,1,1,1,1,1,0,1,1,0,1,1,0,1,1,0,1,0,1
syn_r300_0190,1,1,1,1,1,0,1,1,1,0,1,0,1,1,1,1,1,1,1,1,1,1,1,1,1,1,1,0,1,1,1,1,1,1,1,1,1,1,0,1,1,0,1,1,1,0,1,1,1,1,1,0,1,1,1,1,1,1,1,1,1,0,1,0,0,0,1,1,1,1,1,1,1,1,1,1,1,1,1,1,1,1,1,1,1,1,1,1,1,1,1,1,1,1,1,1,0,1
syn_r300_0191,1,0,1,1,0,0,1,1,0,0,1,0,0,1,0,1,1,1,1,1,0,0,0,1,1,0,1,1,1,1,1,1,0,0,0,0,1,1,0,0,0,0,0,1,0,1,1,0,1,0,1,1,0,1,0,1,1,0,1,1,1,1,1,1,1,0,0,1,1,1,0,1,1,0,1,1,1,1,1,1,1,1,1,0,1,0,1,1,0,0,1,1,0,1,1,1,1,1
syn_r300_0192,1,0,1,0,1,1,0,0,1,1,0,0,1,1,1,1,1,0,0,1,1,1,0,0,0,1,1,1,1,1,1,1,1,1,1,1,1,0,1,0,1,1,1,0,0,1,1,1,1,1,0,1,0,0,1,1,1,1,0,1,0,0,1,1,1,1,0,1,1,0,1,1,1,1,1,1,0,0,0,1,1,1,1,1,1,1,1,1,1,1,1,1,1,0,1,0,1,1
syn_r300_0193,0,1,1,1,0,1,1,1,1,0,0,1,1,0,1,1,0,1,0,1,1,0,1,0,1,1,1,1,0,1,1,1,0,1,1,0,1,0,1,1,1,0,0,1,0,1,0,0,0,0,1,0,1,0,1,1,1,0,1,1,1,1,1,1,0,1,1,0,1,1,0,1,1,1,1,1,1,1,0,0,1,1,1,0,0,1,0,0,0,1,1,1,0,0,0,1,0,0
syn_r300_0194,1,0,1,1,0,1,0,1,0,1,0,0,0,0,1,0,1,1,1,1,1,1,1,1,0,0,1,1,1,0,1,0,1,1,1,0,0,0,0,0,1,1,1,1,0,1,1,0,0,0,0,0,1,0,1,1,0,0,0,0,0,1,1,0,1,1,0,1,1,1,0,1,1,0,1,0,0,1,0,0,0,0,1,0,1,0,0,0,1,0,1,0,1,1,1,1,0,0
syn_r300_0195,1,1,1,1,1,1,0,1,1,1,1,1,1,1,1,1,1,1,1,1,1,1,1,1,1,1,1,1,1,1,1,1,1,1,1,1,1,1,1,1,1,1,1,1,1,1,1,1,1,1,1,1,1,1,1,1,1,1,0,1,1,1,1,1,0,0,1,1,1,0,1,1,1,1,1,1,1,1,1,1,1,1,1,1,1,1,1,1,1,1,1,1,1,1,1,1,1,1
syn_r300_0196,1,1,1,1,1,0,1,1,0,1,1,0,1,1,1,0,1,0,1,1,0,1,1,1,1,1,1,1,0,1,0,1,1,1,0,1,0,0,1,1,1,1,1,1,1,1,0,1,1,1,1,0,1,1,0,1,1,1,1,0,1,1,0,1,1,0,0,1,1,0,1,1,1,1,0,1,1,1,1,0,1,1,0,1,1,1,1,0,0,1,1,1,0,0,1,1,1,1
syn_r300_0197,1,1,0,1,1,1,1,1,1,1,1,1,1,1,1,1,1,1,1,1,1,1,1,1,1,0,1,1,1,1,1,0,1,1,1,1,1,1,1,1,1,1,1,1,1,1,1,1,1,1,1,1,1,1,1,1,1,1,1,0,1,1,1,1,1,1,1,1,1,1,1,1,1,1,1,1,1,1,1,1,1,1,1,1,1,1,1,0,1,1,1,1,0,1,1,1,1,1
syn_r300_0198,1,1,1,1,1,1,1,1,0,0,1,1,1,1,1,1,1,1,1,0,1,0,1,0,1,1,1,1,1,0,0,1,1,1,1,0,0,1,1,1,1,1,1,1,0,1,0,1,1,1,1,0,1,1,1,1,1,1,1,1,1,1,1,1,1,1,1,1,1,1,0,1,1,1,1,1,1,1,1,1,0,1,1,1,1,1,1,1,1,1,0,1,1,1,1,1,1,1
syn_r300_0199,1,0,0,1,0,1,0,0,1,0,1,1,0,0,0,1,1,1,0,1,0,1,0,1,0,0,1,1,1,1,1,1,0,0,0,0,1,1,0,1,1,1,0,1,1,1,1,1,1,1,1,1,0,1,0,1,1,0,1,0,0,0,1,0,1,0,0,1,1,1,0,1,1,1,1,0,1,0,0,1,0,1,1,0,1,0,1,1,1,0,1,1,0,1,1,0,0,0
syn_r300_0200,1,0,1,1,1,0,1,1,1,0,0,1,1,0,0,0,1,0,1,0,1,1,0,1,1,1,0,1,0,1,1,1,1,1,0,1,1,0,0,1,0,0,1,1,1,1,1,0,0,0,0,1,1,0,0,1,1,1,0,1,1,1,1,0,1,0,1,1,1,1,1,0,1,1,1,0,1,1,1,0,0,1,1,1,1,1,1,1,0,0,1,1,1,0,1,1,1,0
syn_r300_0201,0,1,1,1,0,0,0,1,1,0,1,0,1,0,0,1,0,0,1,1,0,1,1,1,1,0,1,0,0,1,0,1,0,1,1,1,0,1,1,1,0,1,1,1,1,1,1,1,0,1,0,1,0,1,1,1,1,1,0,1,1,0,1,1,1,0,0,0,0,1,1,0,0,0,1,0,0,1,1,1,1,0,1,1,0,1,0,1,0,0,1,1,1,1,1,1,1,1
syn_r300_0202,1,1,1,1,1,0,1,1,1,1,1,1,1,1,1,1,1,1,1,1,1,0,1,0,0,1,0,1,1,1,1,1,1,0,1,0,1,1,1,1,1,1,1,1,1,1,1,0,1,1,0,1,1,1,1,1,1,1,1,0,1,1,1,0,1,0,1,1,1,1,1,1,1,1,0,1,1,1,1,1,1,1,1,1,1,1,0,0,1,1,1,1,1,1,1,1,1,1
syn_r300_0203,0,0,0,0,1,0,1,0,0,1,1,1,0,1,0,0,1,0,1,1,0,1,0,0,0,1,0,0,0,1,0,1,0,0,0,1,0,1,0,0,1,1,1,0,1,0,1,0,1,1,1,0,0,0,0,1,1,0,1,1,1,0,0,1,0,0,1,1,0,0,1,1,1,0,1,0,0,0,1,1,1,1,1,0,1,1,1,0,1,0,1,1,1,0,1,0,0,1
syn_r300_0204,0,1,1,1,1,0,1,0,0,0,0,0,1,1,0,0,0,1,0,0,0,0,0,0,1,1,1,1,0,1,0,1,1,0,0,0,0,0,1,0,0,1,0,0,0,0,0,0,0,0,0,0,0,1,0,0,0,0,0,0,0,1,1,0,0,0,0,0,1,0,1,0,0,0,1,1,1,1,0,1,0,1,1,0,1,0,0,1,0,1,1,1,0,1,1,1,0,0
syn_r300_0205,1,0,1,0,0,1,0,1,0,1,0,0,0,0,0,1,0,1,0,0,1,0,1,0,1,0,1,0,0,1,1,1,0,1,0,1,1,0,0,0,1,1,1,1,1,0,1,1,1,0,1,0,1,0,0,0,1,0,0,1,0,1,0,0,1,0,0,1,1,1,0,0,1,0,0,0,1,0,0,1,1,1,0,0,1,1,0,0,0,1,0,0,0,1,1,1,1,0
syn_r300_0206,1,0,1,0,0,1,0,0,0,0,1,1,0,1,0,1,0,1,0,0,0,0,0,1,1,0,0,1,0,0,0,0,1,0,0,0,0,0,1,0,1,1,1,1,1,0,0,1,0,0,1,1,1,0,1,0,0,0,0,1,0,0,0,1,0,1,0,0,1,0,0,0,1,1,0,1,0,1,0,0,1,1,1,1,0,0,0,1,1,1,0,0,0,1,1,1,0,0
syn_r300_0207,1,1,0,1,1,1,1,1,1,0,1,1,1,1,1,0,1,1,1,1,0,1,1,1,1,1,1,1,1,1,1,1,1,1,1,1,1,1,1,1,0,1,1,1,1,1,1,1,1,1,1,0,1,1,1,1,1,0,1,1,1,1,1,1,1,1,1,1,1,1,1,1,0,1,1,1,0,0,1,1,0,0,1,0,1,1,1,1,1,0,1,0,1,1,1,0,1,1
syn_r300_0208,0,1,0,0,1,0,0,1,0,1,0,0,0,1,0,0,0,0,0,1,0,0,1,0,1,0,1,0,1,1,0,1,1,0,1,0,0,0,0,0,1,1,0,1,0,0,0,1,1,0,1,0,0,0,1,0,1,1,0,0,1,0,0,1,0,0,0,0,0,0,0,1,0,1,1,1,0,0,0,1,0,0,0,0,0,0,1,1,0,0,0,0,0,0,0,1,0,0
syn_r300_0210,0,1,0,0,0,1,1,0,1,0,0,0,0,1,1,0,1,1,1,1,1,1,1,1,0,1,1,0,1,1,1,1,0,0,0,0,0,1,1,0,1,1,1,1,0,0,1,0,0,1,1,0,1,1,1,0,1,1,0,0,1,1,1,0,1,0,0,1,0,0,1,1,0,1,0,0,0,1,1,1,1,1,1,1,1,0,1,1,0,1,1,1,0,1,1,1,0,1
syn_r300_0211,1,0,1,0,1,1,0,1,1,1,1,0,0,1,1,1,0,0,1,1,1,1,1,0,1,0,1,1,1,0,0,0,0,0,1,1,1,1,1,0,1,0,1,1,0,1,1,0,1,1,0,0,1,1,0,1,0,1,0,1,0,1,1,1,1,1,1,1,1,1,1,1,0,1,1,0,0,0,1,0,0,0,0,1,1,1,1,1,1,1,0,1,1,1,1,1,1,1
syn_r300_0212,1,1,0,1,0,0,0,1,0,0,1,0,1,1,1,1,1,1,0,1,0,1,0,0,1,0,1,1,1,1,1,1,1,1,0,1,1,1,1,1,1,1,1,1,1,0,0,0,0,1,1,0,0,0,0,1,1,1,1,1,0,0,1,0,0,0,1,1,1,1,1,1,1,0,1,0,1,0,1,0,1,1,1,0,1,1,0,0,1,1,0,0,1,1,0,1,1,0
syn_r300_0213,1,1,1,1,1,1,1,1,1,1,1,1,0,0,1,1,1,1,0,1,1,0,1,1,1,1,0,1,1,1,1,1,1,1,1,1,1,1,1,1,1,1,1,1,1,1,1,1,1,1,1,1,1,1,0,1,1,0,1,1,1,0,1,1,1,1,1,1,1,0,1,1,1,1,1,1,1,1,1,1,1,1,1,1,1,1,1,1,1,1,1,1,1,1,1,1,1,1
syn_r300_0214,0,1,1,1,1,1,1,1,0,1,0,0,1,1,1,1,1,1,1,1,1,1,1,1,1,0,1,0,1,1,1,0,1,0,0,0,0,1,1,1,1,1,1,1,1,1,0,1,1,1,1,0,1,1,1,1,0,1,1,1,1,1,1,0,1,1,1,0,0,0,1,1,1,0,0,1,1,1,1,1,1,1,1,0,0,1,0,1,0,1,1,1,1,1,1,1,0,1
syn_r300_0215,1,1,1,1,0,1,1,1,1,1,0,1,0,1,1,0,1,1,0,1,1,1,1,1,1,1,1,1,0,1,1,1,0,1,1,1,1,1,1,0,1,1,1,1,0,1,1,1,1,1,1,1,1,1,1,0,1,1,1,1,1,1,1,1,0,1,1,1,1,1,1,1,1,1,1,0,1,0,1,1,1,0,1,0,1,1,1,0,1,0,1,1,1,0,1,1,1,0
syn_r300_0216,0,1,1,0,0,0,0,0,0,1,0,0,1,1,0,0,1,0,0,0,0,0,0,0,0,0,0,0,1,1,0,1,1,0,0,0,0,0,0,0,1,0,0,1,0,0,0,0,0,0,0,0,0,0,0,0,0,0,1,0,1,0,0,0,0,1,0,0,0,0,1,1,0,0,0,0,1,0,0,0,1,0,0,1,0,0,0,1,0,1,1,0,0,0,0,1,0,0
syn_r300_0217,1,0,0,0,1,0,0,1,1,0,0,0,0,1,1,0,0,1,0,1,0,0,0,0,0,0,1,0,0,0,0,1,0,1,0,0,0,0,0,0,1,0,0,0,0,0,0,0,0,0,0,1,0,1,0,0,0,0,0,0,0,0,0,0,1,0,0,1,1,0,0,0,1,1,1,0,1,0,0,1,0,0,0,0,0,1,1,0,0,0,0,0,0,0,1,1,0,0
syn_r300_0218,1,0,1,1,1,0,0,0,1,1,0,0,1,1,0,0,0,0,0,0,0,0,0,0,1,1,1,1,0,1,1,1,0,0,0,0,1,1,0,1,1,1,0,1,1,1,1,1,1,0,1,1,0,1,1,0,0,1,1,0,0,1,1,1,1,0,1,0,1,0,0,1,1,0,0,1,0,1,0,1,1,1,1,1,1,1,0,0,0,1,1,0,1,0,1,0,0,1
syn_r300_0219,0,1,1,0,0,1,0,0,1,0,0,1,1,0,1,0,0,0,1,1,1,0,1,1,0,0,1,1,0,0,1,0,1,0,1,0,0,0,0,1,1,0,1,0,1,0,0,0,1,0,0,0,1,1,1,1,0,0,1,1,1,0,1,1,0,1,0,0,1,0,1,1,0,1,0,0,1,0,1,0,0,0,0,0,1,1,0,0,0,1,0,0,0,1,1,0,0,1
syn_r300_0220,1,1,1,1,1,1,1,1,1,1,0,1,1,1,1,1,1,1,1,1,0,1,1,1,1,1,0,1,0,1,1,0,1,1,1,0,0,1,1,1,1,0,1,1,1,1,0,1,1,1,1,0,0,1,1,0,1,1,1,1,0,1,1,1,1,1,1,1,1,1,1,1,1,1,1,1,1,1,1,1,1,1,0,1,0,1,1,1,0,0,1,1,0,0,1,1,1,1
syn_r300_0221,1,0,0,0,0,1,0,0,0,1,0,0,1,0,0,1,0,1,1,1,1,1,1,1,1,0,1,1,1,1,1,1,0,1,1,0,1,1,1,1,1,1,1,1,1,1,1,1,1,1,0,0,1,0,1,0,1,1,0,0,0,1,0,0,0,1,0,1,1,1,0,1,1,0,1,1,1,1,0,0,1,0,0,1,1,1,1,1,1,1,1,1,1,1,1,1,0,0
syn_r300_0222,1,0,1,1,1,0,0,0,0,1,0,0,1,1,0,0,0,1,0,1,1,0,1,1,1,0,1,0,1,1,0,1,0,1,0,0,1,0,0,1,1,0,1,0,1,0,0,1,0,1,1,0,0,0,0,0,1,0,1,1,0,1,0,1,1,0,1,1,1,1,1,1,1,0,0,1,0,1,0,1,1,1,1,0,0,1,1,1,0,1,1,1,1,1,1,1,0,0
syn_r300_0223,0,0,1,0,1,1,0,1,1,1,1,1,1,1,1,1,1,0,1,1,1,1,1,1,1,0,1,1,1,1,1,1,1,1,1,1,1,1,1,1,1,1,1,0,1,1,1,0,1,0,1,1,1,0,1,1,0,0,0,0,1,1,1,1,0,1,1,1,0,1,1,0,1,1,1,0,0,0,1,0,0,0,1,1,1,1,1,1,1,0,0,1,1,1,1,1,1,0
syn_r300_0224,0,1,1,1,1,1,1,0,1,1,1,1,0,1,1,1,1,1,0,1,1,1,0,1,1,1,1,1,1,1,1,1,1,1,1,1,1,1,1,1,1,1,1,1,0,1,1,0,0,1,1,1,1,0,1,1,1,0,1,1,1,1,1,1,1,1,0,0,1,1,1,1,1,1,1,1,0,1,1,0,1,1,1,0,1,1,0,0,1,0,1,1,0,0,1,1,1,1
syn_r300_0225,1,0,0,1,1,1,1,1,0,0,0,1,1,1,1,0,1,1,1,1,1,1,0,1,1,0,0,1,1,0,0,0,1,1,1,0,0,1,1,1,0,0,0,1,1,0,1,1,0,0,0,1,0,1,0,1,0,0,0,0,0,1,1,0,0,0,0,0,1,0,1,1,0,1,0,1,1,0,1,1,1,0,1,1,1,1,1,0,0,0,0,0,1,0,0,1,1,1
syn_r300_0226,1,0,0,0,1,0,0,1,1,1,0,0,0,1,1,1,1,1,1,0,1,1,0,1,1,0,0,0,0,1,1,0,0,0,1,0,1,0,0,0,0,1,1,1,0,1,0,0,0,0,0,0,1,0,1,0,0,1,1,0,1,0,1,1,0,0,0,1,1,1,1,1,1,1,0,1,1,0,1,0,0,1,1,1,1,0,1,0,0,1,1,1,1,1,1,1,0,0
syn_r300_0227,1,1,0,0,0,1,1,1,0,1,0,0,1,1,0,1,0,1,1,1,1,0,1,0,1,0,1,1,1,1,1,0,0,0,1,1,0,0,1,0,1,0,1,0,0,1,0,1,0,1,1,0,0,1,1,0,1,1,1,1,1,1,1,1,1,1,1,0,0,0,1,1,0,0,1,1,1,0,0,1,0,0,1,1,0,1,0,0,0,0,1,1,1,1,1,1,1,1
syn_r300_0228,0,0,1,1,0,1,0,1,0,0,0,1,0,1,0,0,0,1,0,1,0,1,0,1,0,0,1,1,0,0,0,0,0,0,0,0,1,0,0,0,1,1,0,0,0,1,1,1,1,0,0,0,0,0,0,1,0,0,0,1,0,0,0,0,0,1,0,1,0,1,1,1,0,1,1,0,0,0,0,0,1,0,1,1,0,1,1,0,1,0,1,0,1,0,0,0,1,0
syn_r300_0229,1,0,0,1,1,0,0,1,1,0,1,1,0,1,1,0,1,1,0,1,0,1,0,0,1,1,1,0,1,0,1,1,1,0,0,1,0,1,0,0,0,0,0,1,0,1,0,0,1,1,1,1,0,0,0,1,1,1,0,1,0,0,0,0,1,0,0,1,0,0,1,0,0,1,0,0,1,1,0,1,0,0,1,0,1,1,0,1,1,0,0,1,1,0,1,0,0,1
syn_r300_0230,1,1,0,1,0,1,0,1,1,0,0,0,1,1,1,0,1,0,1,1,0,0,1,1,1,1,1,1,1,1,0,1,0,1,1,1,1,0,1,0,1,1,1,0,1,0,1,1,1,0,1,1,0,1,0,1,1,1,1,1,0,1,1,1,1,1,1,1,1,0,1,0,1,1,0,1,0,0,1,1,1,1,1,1,1,1,1,1,1,0,1,1,0,0,1,1,1,1
syn_r300_0231,1,1,0,1,0,1,1,0,1,1,1,1,1,0,1,0,1,1,1,1,1,1,1,1,1,1,1,1,1,1,1,1,1,0,1,1,1,1,1,1,1,1,1,1,1,1,1,1,1,1,1,1,1,1,0,1,1,1,0,1,1,1,0,1,1,0,0,1,0,0,1,1,1,1,1,1,1,1,1,1,0,1,1,1,1,1,1,1,1,1,1,0,1,1,1,1,1,1
syn_r300_0232,0,1,0,1,1,1,1,1,0,1,0,0,0,1,1,0,1,0,0,1,1,1,1,1,0,0,1,0,0,1,0,0,0,1,1,0,0,1,1,1,1,1,1,0,0,1,1,0,0,1,0,0,1,1,1,0,1,0,0,1,1,1,1,1,1,1,0,0,0,0,0,1,0,1,1,0,1,0,1,1,1,0,0,0,1,0,1,1,0,1,1,1,0,0,1,0,0,0
syn_r300_0233,1,1,1,0,0,1,0,1,0,1,0,1,1,1,1,0,0,1,1,1,1,1,1,1,1,1,1,0,0,1,1,1,1,1,1,0,0,0,1,0,0,0,1,1,1,1,1,0,0,1,1,0,1,0,0,1,1,1,1,1,1,1,0,1,1,1,0,0,1,1,1,1,0,0,1,1,1,1,0,0,0,1,0,0,1,1,0,1,1,1,1,1,1,1,1,1,1,1
syn_r300_0234,1,0,0,1,0,0,0,0,0,1,0,0,0,1,1,0,0,1,1,1,0,0,0,0,1,1,1,1,0,0,0,1,0,0,1,0,0,0,1,1,1,1,0,1,0,1,0,1,0,0,1,0,0,0,1,0,0,0,0,0,0,0,1,1,0,1,1,0,0,1,0,0,0,1,0,0,0,0,0,1,0,0,0,0,0,1,1,1,0,0,0,0,1,0,1,0,0,0
syn_r300_0235,1,0,0,1,0,1,0,1,1,0,0,0,1,0,0,0,0,1,0,0,1,0,0,0,1,0,1,0,0,0,1,1,0,0,0,0,0,1,0,0,1,1,0,1,1,0,1,0,0,0,1,1,0,0,1,0,1,1,1,1,1,1,1,0,1,0,0,0,0,0,0,1,1,0,0,1,1,0,0,0,1,1,0,1,0,0,1,1,1,1,1,0,0,0,0,0,0,0
syn_r300_0236,1,0,0,1,0,1,0,1,1,0,0,0,0,0,0,1,0,0,0,1,1,0,1,1,0,0,0,0,1,0,0,0,0,1,0,0,1,1,1,0,0,1,0,1,1,0,0,1,1,0,0,1,0,0,0,1,0,0,0,0,1,1,1,1,1,0,0,0,0,0,0,1,0,0,0,0,0,0,0,0,1,1,0,1,0,1,0,1,0,0,0,0,1,1,0,1,0,1
syn_r300_0237,0,0,0,0,0,0,0,0,0,0,1,0,1,1,1,1,0,0,0,1,0,0,0,1,0,0,0,1,0,1,0,0,1,1,0,1,1,0,0,1,1,0,0,0,1,1,1,0,1,1,1,1,1,0,1,0,1,0,0,0,1,0,1,0,0,1,1,0,1,1,0,0,0,0,0,0,1,1,1,0,0,0,1,0,1,1,0,0,0,0,0,1,0,1,1,0,1,0
syn_r300_0238,1,0,1,1,1,1,0,1,1,1,1,0,1,1,1,1,1,1,1,1,1,1,0,1,1,1,1,1,1,1,1,1,1,0,1,1,1,1,1,1,1,1,1,1,1,1,1,1,1,1,1,1,1,1,1,1,1,1,1,1,1,1,1,1,0,0,1,1,1,1,1,1,1,1,1,1,1,1,1,1,1,0,1,1,1,1,1,1,1,1,0,1,1,1,1,1,1,1
syn_r300_0239,1,0,1,1,1,1,1,0,1,1,1,1,1,0,1,1,1,1,1,0,1,1,0,1,1,1,0,1,1,1,1,1,1,1,1,1,1,1,1,1,1,1,1,1,1,1,1,0,1,1,1,1,0,0,1,1,1,1,1,1,0,1,1,1,1,1,1,1,0,1,1,1,1,1,1,1,1,1,1,0,1,1,1,0,1,1,1,1,0,1,0,1,0,1,1,1,1,1
syn_r300_0240,1,1,0,1,1,1,1,1,0,1,1,1,1,1,1,1,1,1,1,1,1,1,1,1,0,1,0,1,1,1,1,1,1,1,1,1,1,1,0,1,1,1,0,1,1,1,1,1,1,1,1,1,1,1,1,1,0,1,1,1,1,1,0,1,0,1,1,1,1,1,1,0,1,1,1,1,0,1,1,1,1,1,1,1,1,1,1,0,1,1,1,1,0,0,1,1,1,1
syn_r300_0241,0,1,0,0,1,1,0,0,1,0,0,0,0,0,1,0,0,1,1,0,0,1,0,0,0,0,1,0,0,0,1,1,1,0,1,1,1,0,0,1,1,0,0,0,1,0,1,1,0,0,1,0,1,1,0,0,0,0,0,1,0,0,1,0,1,1,0,0,1,1,1,1,1,0,0,1,0,1,0,1,0,0,0,0,1,1,0,0,1,0,1,1,0,0,0,1,1,0
syn_r300_0242,1,1,0,1,1,0,0,1,0,1,1,0,1,1,1,1,0,1,0,1,0,0,1,1,0,1,1,1,0,1,0,1,0,1,1,1,1,1,1,1,0,1,1,0,1,1,0,1,0,0,1,1,1,1,1,1,1,1,1,1,0,1,0,1,1,1,1,1,1,1,0,1,1,1,1,1,0,1,1,0,0,1,1,0,1,1,1,1,0,1,1,0,0,1,1,0,1,1
syn_r300_0243,1,0,1,1,0,1,1,0,1,1,1,1,1,1,1,1,1,1,1,1,1,1,1,1,0,1,1,0,1,1,1,1,1,1,1,1,1,0,1,1,0,1,1,1,1,1,1,1,1,1,0,1,1,1,1,0,1,1,1,0,0,1,0,0,1,0,1,1,1,1,0,0,1,1,0,1,1,1,1,1,1,1,1,1,1,1,1,1,1,1,1,1,1,1,1,0,1,1
syn_r300_0244,0,0,0,0,1,0,1,1,1,0,0,0,0,1,1,1,0,0,1,1,1,1,1,0,0,0,1,0,1,0,0,0,1,1,0,1,0,1,0,1,1,1,1,1,0,0,1,1,1,1,1,1,0,0,1,0,0,0,0,1,1,1,1,0,1,1,0,1,0,1,1,1,1,0,1,0,1,0,1,0,0,0,1,0,0,1,0,1,0,1,0,0,1,1,1,1,1,0
syn_r300_0245,1,1,1,0,0,0,1,0,0,1,0,1,0,1,1,1,1,0,0,1,0,0,0,0,0,0,0,1,1,0,0,0,1,0,0,0,0,0,1,1,1,0,0,1,0,0,1,1,0,0,0,0,0,0,1,0,0,1,1,1,0,1,1,0,0,0,1,0,1,1,1,0,0,1,0,0,0,0,1,1,1,0,1,0,0,1,0,1,0,0,0,0,0,0,0,0,0,0
syn_r300_0246,1,0,1,1,1,1,1,1,1,0,0,0,0,1,1,0,1,1,1,0,1,0,0,0,0,0,1,1,1,0,1,0,1,0,1,1,0,1,0,0,1,0,1,1,1,0,1,0,0,0,1,0,0,0,0,1,1,1,0,1,0,0,1,0,1,1,0,1,0,1,0,1,1,0,1,0,0,1,1,1,1,1,0,1,1,1,1,0,0,1,1,1,0,1,1,0,1,1
syn_r300_0247,1,1,1,1,0,0,1,1,0,1,1,0,1,1,1,1,1,1,1,0,1,1,1,0,1,1,1,1,1,1,1,1,0,0,0,1,1,1,1,0,1,1,1,1,1,1,1,0,0,1,1,1,1,1,0,1,1,1,0,1,0,1,0,1,1,1,1,1,1,0,0,0,1,1,1,1,1,0,0,1,1,1,1,1,1,0,1,1,1,0,1,1,1,1,0,1,1,1
syn_r300_0248,1,1,1,1,0,1,1,1,1,1,1,1,1,1,1,1,1,1,1,1,1,1,1,1,1,1,1,1,1,1,1,1,1,1,1,1,0,1,1,1,1,1,1,1,0,1,0,1,0,1,1,1,1,1,1,1,1,1,1,1,0,1,1,1,1,1,1,1,1,1,0,1,1,0,1,1,1,1,1,1,1,1,1,1,1,1,1,1,1,1,0,1,1,1,1,1,1,1
syn_r300_0249,1,1,0,1,0,1,1,1,1,1,1,0,0,1,0,1,1,1,1,1,1,0,1,1,0,0,1,1,1,1,0,0,0,1,1,1,1,1,1,1,1,1,1,1,1,0,1,0,1,1,1,1,1,1,0,1,1,1,1,0,0,1,1,1,0,1,1,1,1,0,1,1,0,1,1,1,1,1,1,1,0,1,1,1,1,1,1,0,1,1,0,1,1,1,1,1,1,1
syn_r300_0250,1,1,1,1,1,1,1,1,1,1,0,1,1,1,0,1,1,1,1,1,1,1,1,1,1,1,1,0,1,1,1,1,1,1,1,1,1,1,1,1,1,0,1,1,1,1,1,1,1,1,1,1,1,1,1,1,1,1,1,1,1,1,1,1,0,1,1,1,0,1,1,1,1,1,1,1,1,1,0,1,1,1,1,1,0,1,1,1,1,1,1,1,1,1,0,0,1,1
syn_r300_0251,0,0,1,0,0,0,0,1,0,1,0,1,1,1,0,1,0,1,1,1,0,1,1,0,0,1,1,1,0,0,1,0,0,1,1,0,1,1,0,1,0,0,1,1,1,1,1,0,1,0,0,0,1,0,1,0,1,1,1,1,0,0,1,1,1,0,1,1,1,1,1,1,1,0,1,0,0,0,1,0,0,0,1,0,1,1,0,1,1,0,0,1,1,0,1,1,1,0
syn_r300_0252,1,1,0,0,1,1,1,1,0,1,1,0,0,1,1,1,1,1,0,1,1,1,1,1,1,0,1,0,1,1,0,1,1,1,1,1,0,1,1,1,0,1,1,0,1,1,1,1,1,0,1,1,0,1,0,1,1,0,1,1,0,1,1,1,1,1,1,1,1,0,1,1,1,1,1,1,1,1,0,1,1,1,1,0,1,1,0,1,1,1,0,0,1,1,1,1,1,0
syn_r300_0253,1,0,1,1,1,0,0,1,0,0,0,0,1,1,1,1,0,1,1,1,0,1,1,0,1,0,1,0,1,1,0,1,0,1,0,1,1,1,1,0,1,0,1,0,1,1,1,0,1,0,1,1,1,1,0,0,1,0,1,1,0,1,0,1,1,0,1,1,1,1,1,1,1,1,1,1,1,0,1,1,1,1,1,0,1,1,1,1,1,1,1,1,1,1,0,1,1,1
syn_r300_0254,1,0,0,0,1,1,1,0,0,0,0,0,1,0,0,0,1,0,1,1,1,0,1,0,1,0,1,0,0,1,1,0,0,0,1,0,0,0,0,0,0,1,0,0,0,0,1,1,0,1,0,0,0,0,0,0,0,0,0,0,1,1,1,0,0,1,0,1,1,0,0,0,0,0,0,1,0,1,0,0,0,0,0,0,0,1,1,0,1,0,0,1,0,1,0,1,0,1
syn_r300_0255,1,1,1,1,0,1,0,1,0,1,0,0,1,0,0,0,0,1,1,1,0,1,1,0,1,0,1,1,1,1,1,1,1,0,0,1,1,1,1,1,1,1,0,1,1,1,1,1,0,1,1,0,1,1,1,1,0,1,1,0,1,1,0,1,0,0,0,1,1,1,1,1,0,0,1,1,1,0,1,1,1,1,1,1,1,1,1,1,0,1,1,0,1,1,1,1,1,1
syn_r300_0256,1,0,0,0,1,0,0,0,0,1,1,1,0,1,0,1,0,0,0,0,0,0,0,0,0,0,0,1,0,0,0,0,1,1,0,1,0,0,0,0,1,1,1,0,0,0,1,0,1,0,1,0,1,1,1,0,1,0,0,0,0,0,0,0,0,0,0,0,1,0,0,0,0,0,0,0,1,0,0,0,0,0,0,0,0,1,0,1,0,0,0,0,0,1,1,1,1,0
syn_r300_0257,1,1,0,1,1,0,1,0,1,1,1,0,0,0,0,0,0,1,0,1,0,1,0,1,0,0,0,1,1,0,0,0,1,1,1,1,1,1,1,0,1,0,0,0,0,1,1,1,0,0,1,0,0,1,1,0,1,1,1,1,0,1,1,1,0,1,1,0,0,0,1,0,0,1,0,0,1,1,1,0,1,1,0,0,1,1,0,1,1,1,1,1,1,1,0,1,0,0
syn_r300_0258,0,0,0,0,0,0,0,1,1,0,0,0,0,0,0,1,0,0,0,0,1,0,1,0,0,0,1,1,0,1,0,0,1,0,0,0,0,1,0,0,0,1,0,0,1,0,0,0,0,1,0,0,0,0,1,0,0,0,0,0,0,0,1,0,0,0,1,0,1,0,0,0,0,0,0,1,1,0,0,0,1,0,0,0,0,0,0,1,0,0,0,0,0,0,1,1,0,0
syn_r300_0259,1,0,1,1,1,0,1,0,0,1,0,0,1,0,0,0,0,0,0,1,0,1,1,0,1,0,1,0,1,1,0,0,1,1,0,0,0,0,0,1,0,0,1,1,1,1,1,0,0,0,1,0,0,1,1,1,0,0,1,0,0,0,0,0,1,0,0,0,1,0,0,1,1,0,0,0,1,0,1,1,0,1,0,0,1,0,0,1,0,1,1,0,1,0,0,1,1,1
syn_r300_0260,0,0,0,1,1,0,1,0,1,1,0,0,1,1,1,1,0,0,0,1,0,1,0,1,0,1,1,0,0,1,1,0,1,1,0,0,1,1,0,1,0,0,0,1,1,0,0,0,0,0,0,1,1,1,0,1,0,0,1,1,0,0,0,1,1,0,1,0,1,0,0,1,1,1,0,1,1,1,1,1,1,1,0,0,1,1,1,0,0,1,1,1,0,1,1,1,0,1
syn_r300_0261,0,0,1,1,0,1,1,0,1,0,0,0,0,1,1,1,0,0,0,1,1,0,0,0,0,1,1,0,0,0,1,0,0,0,1,0,0,1,0,1,1,1,1,0,0,1,1,0,0,1,1,0,0,1,1,1,0,1,0,0,0,1,1,0,1,0,1,0,1,1,0,0,1,0,1,0,0,0,0,0,1,0,0,0,1,0,1,1,1,0,0,0,1,0,1,1,1,0
syn_r300_0262,1,1,1,1,1,1,1,1,1,1,0,0,1,1,1,1,0,1,1,1,1,1,1,1,1,1,1,1,1,1,0,1,1,1,0,1,1,0,1,1,1,1,1,0,1,1,1,1,0,1,1,1,1,0,1,0,1,1,0,1,0,1,1,0,1,1,1,1,0,1,0,1,1,1,1,1,1,0,1,1,1,1,1,1,1,1,0,1,0,1,1,1,1,1,1,1,1,1
syn_r300_0263,1,1,1,1,1,0,0,1,0,0,0,1,0,0,1,0,0,1,1,0,0,0,1,1,0,1,0,1,0,1,1,1,0,1,0,0,0,1,1,0,1,0,1,1,1,1,1,0,0,0,0,0,0,1,0,0,0,0,1,0,0,1,0,0,0,1,0,0,0,1,1,1,1,1,0,1,1,0,0,1,0,0,0,1,1,0,1,0,0,1,1,0,0,1,0,1,1,0
syn_r300_0264,0,0,1,1,0,0,0,1,0,0,1,1,1,1,0,1,0,0,0,0,1,0,0,1,1,1,0,0,1,1,0,1,0,0,0,1,0,0,1,0,1,1,0,1,1,1,0,1,0,1,1,0,1,0,0,0,0,1,0,0,1,1,1,1,0,0,0,1,0,0,0,0,0,1,0,1,0,1,1,0,1,0,0,0,0,1,0,1,0,0,1,0,0,0,0,1,0,0
syn_r300_0265,0,0,0,1,0,0,0,0,1,0,0,0,1,0,0,1,0,1,1,0,0,0,0,0,0,1,0,0,0,0,0,1,0,0,0,0,0,0,0,0,0,1,0,0,0,0,0,0,0,0,1,0,0,0,0,1,1,0,0,0,0,0,0,0,0,1,0,0,0,0,0,0,1,0,1,1,0,0,1,0,0,0,0,1,1,1,0,0,0,0,0,1,1,0,1,1,0,0
syn_r300_0266,0,0,0,1,1,1,0,0,0,1,0,0,1,1,0,1,0,0,0,0,0,1,0,0,0,1,0,1,0,0,0,1,0,0,0,0,0,1,0,0,0,0,0,0,0,1,1,0,0,0,1,1,1,0,1,1,1,1,0,0,0,0,1,1,1,0,0,1,0,1,0,1,1,0,0,1,1,0,0,0,0,1,0,0,0,1,0,1,1,0,0,1,0,1,1,0,1,0
syn_r300_0267,1,1,1,1,1,1,1,1,1,1,1,0,1,1,1,1,1,1,1,1,0,1,1,1,0,1,1,1,1,1,1,0,1,1,0,1,1,1,1,1,1,1,0,0,1,1,1,1,0,1,1,1,1,1,0,0,1,1,1,1,1,0,1,1,1,1,1,1,1,1,1,1,1,1,1,1,0,1,1,1,0,1,1,1,1,1,1,0,1,1,1,1,1,1,0,0,1,1
syn_r300_0268,1,1,1,1,1,1,0,1,1,1,1,1,1,1,1,1,1,0,1,0,1,1,1,1,1,1,1,1,1,1,1,1,1,1,1,1,1,1,0,1,1,0,1,0,1,1,1,1,0,1,1,0,1,1,1,1,1,1,1,0,1,1,1,1,1,1,0,1,1,1,1,1,1,1,1,1,1,1,1,1,0,1,1,1,1,1,0,1,1,1,1,1,1,1,1,1,1,1
syn_r300_0269,0,1,1,1,1,1,1,1,1,1,1,1,1,0,1,1,1,1,1,1,1,0,1,1,1,1,1,1,1,1,1,1,1,1,1,1,1,1,1,1,1,1,1,1,1,1,0,1,1,1,1,1,1,1,1,1,1,1,0,1,1,1,1,1,1,1,1,1,1,1,1,1,1,1,1,1,0,1,1,1,1,0,1,0,1,1,1,0,1,1,1,1,1,1,1,1,1,1
syn_r300_0271,1,0,0,1,1,0,1,0,0,1,0,0,1,1,1,0,1,0,1,0,0,1,1,0,1,0,1,1,0,1,0,1,1,0,1,1,0,1,1,1,0,0,0,0,1,0,1,1,1,1,1,1,1,1,1,0,1,1,1,0,1,1,0,1,1,0,0,1,1,0,0,0,1,1,0,1,1,1,0,1,0,1,1,0,1,0,0,1,1,1,1,1,1,1,0,1,0,0
syn_r300_0272,0,1,0,0,1,0,1,1,0,1,0,1,0,1,1,0,1,0,1,0,0,0,1,1,0,0,0,0,0,1,0,1,1,1,1,1,1,1,1,1,0,1,0,1,0,0,0,1,0,1,1,0,0,1,0,0,0,1,1,1,1,0,0,0,1,1,1,1,1,1,0,1,1,0,0,0,0,0,0,1,1,1,0,0,1,0,1,0,0,1,0,1,1,0,0,1,0,1
syn_r300_0273,1,1,1,1,1,0,1,1,1,1,0,1,1,1,1,1,0,1,1,1,0,1,1,1,1,1,0,1,1,1,1,1,1,1,1,1,1,1,1,1,1,0,1,1,1,1,0,1,1,1,1,1,1,1,1,0,1,1,1,1,0,0,1,1,1,1,1,1,1,1,1,1,0,1,1,1,1,1,0,1,1,1,0,1,0,1,1,1,1,1,1,1,1,1,1,1,1,1
syn_r300_0274,1,0,1,0,1,1,1,0,1,1,0,0,1,0,1,0,1,1,0,0,1,1,0,1,0,1,0,0,0,1,1,1,1,1,1,0,1,0,1,0,0,0,0,0,1,1,1,0,1,0,1,0,0,1,1,1,0,0,0,1,1,0,0,0,0,1,0,1,1,1,1,1,0,1,1,1,1,0,1,0,1,0,0,0,1,1,0,0,1,0,1,1,0,1,1,0,1,1
syn_r300_0275,1,0,0,1,0,0,1,1,1,0,1,0,1,0,0,0,0,0,0,0,0,0,1,1,1,0,1,0,1,1,0,1,0,0,1,1,0,0,0,0,0,1,1,0,1,0,0,0,0,0,0,0,1,1,0,1,1,1,1,0,1,0,1,1,1,1,0,1,0,0,0,0,0,1,0,0,1,1,0,1,1,1,1,0,1,0,0,1,0,0,1,1,0,1,1,0,1,1
syn_r300_0276,1,1,1,0,1,1,1,1,1,0,1,1,1,1,0,1,1,1,1,1,0,1,1,1,1,1,1,1,1,1,1,1,1,1,1,0,1,1,1,1,1,1,1,1,1,1,1,1,1,1,1,1,1,1,1,1,1,0,1,1,1,1,1,0,0,0,0,1,1,1,1,1,1,1,1,1,1,1,1,1,1,1,1,1,1,1,1,1,1,1,1,1,1,1,1,1,1,1
syn_r300_0277,0,0,1,0,0,0,0,1,0,0,0,0,0,1,1,1,0,0,0,0,0,1,0,0,1,0,0,1,0,1,0,1,0,0,0,1,0,0,0,1,1,1,0,1,1,0,1,0,0,1,0,0,0,0,1,1,1,0,1,0,0,1,0,0,0,0,1,1,0,1,0,1,0,1,1,1,1,1,0,0,0,1,1,0,0,0,0,1,0,1,0,0,1,1,1,1,0,0
syn_r300_0278,1,1,1,1,1,1,1,0,1,1,1,1,1,1,1,1,1,1,1,0,1,0,1,1,1,1,1,1,1,1,1,1,1,1,1,1,1,1,1,1,1,0,1,1,1,1,1,1,1,1,1,0,1,1,1,1,0,1,1,1,1,0,1,1,1,1,1,0,1,1,1,0,1,1,1,1,1,1,0,1,1,1,1,1,1,1,0,0,1,1,1,1,1,1,1,1,1,1
syn_r300_0279,1,1,1,1,1,1,0,1,1,0,1,0,1,1,0,1,0,0,1,1,1,1,1,1,1,1,1,1,1,0,0,1,1,0,1,1,0,1,1,1,0,1,0,1,1,1,0,1,0,0,1,0,1,1,0,1,0,1,1,0,0,1,1,0,1,1,1,0,1,0,0,1,1,0,1,1,1,0,0,1,1,0,1,1,1,0,1,1,0,1,1,0,1,0,1,1,1,1
syn_r300_0280,1,0,1,1,0,1,0,0,0,0,0,0,0,1,0,0,1,1,0,0,0,1,1,1,0,1,1,0,1,1,1,0,1,0,0,1,1,1,1,1,1,0,1,1,1,0,1,1,1,1,1,0,0,1,1,1,1,1,1,1,0,0,1,1,0,0,1,1,1,0,1,1,1,1,1,1,0,0,0,1,1,1,1,1,0,0,0,0,1,1,0,1,0,1,0,1,1,1
syn_r300_0281,1,1,1,1,1,1,1,1,1,0,0,1,1,1,1,1,1,1,1,0,1,1,1,1,1,1,1,1,1,1,1,1,1,1,0,1,1,1,1,0,1,1,1,1,1,0,1,1,1,1,1,1,1,1,1,1,1,1,1,1,1,1,1,1,1,1,1,0,1,1,1,1,0,1,1,1,1,1,1,1,1,1,1,1,1,1,1,1,1,1,1,1,1,0,1,1,1,1
syn_r300_0282,0,1,0,1,1,1,1,0,1,0,1,0,1,0,1,1,1,0,1,0,1,0,1,1,1,0,1,1,0,0,0,0,0,0,1,0,0,0,0,0,0,1,1,1,1,0,0,0,0,0,0,0,0,1,0,0,0,1,1,0,1,0,0,0,0,0,1,1,1,1,1,0,0,0,0,0,0,0,0,0,0,0,0,0,0,0,0,0,0,0,1,0,0,1,1,0,1,1
syn_r300_0283,1,0,0,1,1,1,0,1,1,1,1,1,1,1,1,1,1,0,0,1,0,1,1,1,1,0,0,1,1,1,1,1,0,1,1,1,1,1,1,1,1,0,1,0,0,1,1,0,1,0,1,0,1,1,0,0,1,1,1,1,1,0,0,0,1,1,1,1,1,0,1,0,1,1,1,0,0,0,0,0,0,0,1,0,1,1,1,1,1,0,1,1,1,1,1,0,0,0
syn_r300_0284,1,1,1,0,1,0,1,1,1,1,0,1,1,0,1,0,0,0,1,1,0,1,1,1,1,0,1,1,1,1,1,1,1,0,0,1,0,0,0,1,0,1,1,0,0,0,1,1,1,1,0,0,0,0,0,1,1,0,1,1,0,0,0,1,0,0,0,0,1,1,1,1,1,0,1,0,0,1,0,1,1,1,1,1,1,1,0,0,1,0,1,1,1,0,0,1,1,1
syn_r300_0285,1,0,0,1,1,1,1,1,1,1,1,1,0,1,1,0,0,1,1,1,1,1,1,1,1,1,1,1,0,1,1,0,1,0,0,1,1,1,1,1,1,1,1,1,1,1,0,1,1,1,1,0,1,1,1,1,1,1,1,1,1,1,1,0,1,1,1,0,0,0,1,1,1,1,1,1,1,1,1,1,1,1,1,1,1,1,1,1,1,1,1,0,0,0,1,1,0,0
syn_r300_0286,0,0,0,1,1,0,0,1,1,1,1,1,0,1,0,1,0,0,1,0,0,0,1,0,0,0,1,1,1,1,1,0,0,0,1,1,1,1,0,0,1,1,1,0,1,1,1,0,1,1,1,0,0,0,0,1,1,1,0,0,0,0,1,1,1,0,1,0,0,0,1,1,1,0,1,1,0,1,1,0,1,0,1,1,1,1,0,0,1,1,0,1,0,1,1,1,1,0
syn_r300_0287,1,0,1,1,1,0,1,1,1,1,1,0,1,1,1,1,1,1,1,1,1,1,1,1,1,1,1,1,1,1,1,1,1,0,1,1,1,1,1,1,1,0,1,1,1,1,1,1,1,0,0,1,1,1,1,1,1,1,0,1,1,0,0,1,1,0,1,1,1,1,0,1,1,1,1,1,0,0,1,1,1,1,1,0,1,1,0,0,1,1,1,1,1,1,1,1,1,1
syn_r300_0288,0,0,0,0,0,1,0,0,0,1,1,0,1,0,0,1,0,0,0,0,1,0,1,0,0,1,1,0,0,0,1,1,0,0,0,1,1,1,1,0,0,1,1,0,0,0,1,1,0,0,1,0,0,0,0,0,1,1,0,0,0,0,1,0,1,0,1,1,0,1,1,0,1,0,0,1,1,0,1,0,0,1,1,1,0,1,1,1,0,0,0,0,0,0,1,0,1,1
syn_r300_0289,0,1,0,1,1,0,1,1,0,1,0,1,1,0,1,1,0,1,0,1,0,1,1,1,1,0,1,1,0,1,1,1,1,1,1,0,1,1,0,1,1,0,1,1,0,1,1,1,0,1,1,0,1,1,1,1,1,0,1,0,1,1,1,1,1,1,1,1,1,1,1,0,0,0,1,1,1,0,1,1,1,0,1,0,1,0,1,1,0,1,1,0,0,1,1,0,0,1
syn_r300_0290,0,1,1,1,0,0,0,1,0,0,1,1,0,0,0,1,0,1,0,0,0,0,1,1,0,1,0,0,0,0,1,1,1,0,0,1,1,0,1,1,0,0,1,1,1,1,1,1,1,1,0,1,1,1,1,1,1,0,0,1,1,1,1,1,0,1,0,0,1,1,1,1,1,1,1,1,1,1,0,0,0,1,1,0,1,0,0,1,0,0,0,1,1,1,0,1,1,0
syn_r300_0291,0,1,1,0,1,1,1,0,0,0,1,0,0,1,0,1,0,0,1,1,1,1,1,1,0,1,0,1,1,1,0,1,1,1,1,0,0,1,1,0,1,1,1,0,1,1,1,0,0,0,1,1,0,1,1,0,1,0,1,0,1,0,1,1,1,1,1,1,1,1,1,1,0,0,1,0,1,0,1,1,0,0,1,0,1,1,1,1,1,1,0,1,1,1,1,1,1,1
syn_r300_0292,0,0,0,1,1,0,0,0,0,1,0,1,0,0,1,0,0,0,0,0,1,0,0,0,1,1,1,1,1,0,1,1,0,0,0,1,0,0,0,0,0,0,0,1,0,0,0,1,0,0,1,0,0,0,0,1,1,1,0,0,0,0,0,1,0,0,1,1,0,1,1,0,1,1,1,1,1,0,1,0,0,0,0,0,1,1,1,1,0,0,1,1,1,0,1,1,0,0
syn_r300_0293,1,1,1,0,1,1,0,1,0,1,1,1,0,1,1,1,1,0,1,1,0,1,1,1,0,1,1,1,1,0,0,1,1,1,1,1,1,1,1,1,1,1,1,0,1,1,1,1,1,1,1,0,1,0,1,1,1,1,0,1,1,0,1,1,1,1,1,0,1,1,1,1,0,1,0,0,1,0,1,0,0,0,0,1,1,1,1,1,0,1,0,1,1,1,1,1,1,1
syn_r300_0294,1,1,1,1,1,0,0,1,0,0,0,0,1,1,1,1,0,1,0,1,1,0,1,1,1,0,1,1,0,1,1,0,0,1,1,1,1,0,0,1,0,0,0,0,1,0,1,1,0,0,1,1,1,1,1,0,0,0,1,0,1,0,0,1,1,1,1,1,1,1,0,1,1,1,1,1,1,1,0,1,1,1,0,1,1,0,0,1,1,1,1,0,1,0,0,1,0,1
syn_r300_0295,1,0,1,1,1,1,1,1,1,1,1,1,0,1,0,1,0,0,0,1,1,1,1,1,1,0,1,1,0,1,1,1,0,0,1,0,1,1,1,0,1,1,0,0,0,1,1,0,1,0,1,1,1,1,0,1,1,0,0,1,1,1,1,0,1,1,0,0,0,1,0,1,1,0,1,0,1,0,0,1,0,1,1,1,1,1,1,1,1,0,1,1,1,0,0,1,1,0
syn_r300_0296,1,1,1,1,1,1,1,0,1,1,0,1,0,1,1,1,1,1,0,1,1,1,1,1,1,1,0,1,1,1,1,1,1,0,1,1,1,1,1,1,1,1,1,1,0,1,0,1,1,0,1,1,1,1,1,1,1,1,1,1,1,1,1,1,1,1,1,1,1,1,0,0,1,1,0,1,1,1,0,1,1,1,1,1,1,1,1,0,0,1,0,0,1,0,1,1,1,1
syn_r300_0297,1,0,1,1,0,1,0,1,1,0,1,0,0,0,1,1,0,1,0,0,1,1,1,0,1,0,1,0,1,1,1,0,1,0,1,1,1,0,0,1,0,0,1,1,0,1,1,1,1,1,0,0,0,1,1,1,1,1,1,1,0,1,0,0,1,1,1,1,0,0,1,0,1,0,1,1,1,1,0,0,1,1,1,0,1,0,0,1,1,1,1,0,0,1,1,1,0,0
syn_r300_0298,1,1,1,1,1,0,1,0,0,0,1,0,1,0,1,1,1,1,1,1,0,1,0,0,1,0,1,1,1,1,1,1,0,0,0,1,1,1,1,0,1,0,1,1,0,1,1,1,0,0,1,1,0,0,0,1,1,1,0,1,1,1,1,1,1,0,1,1,0,1,1,1,1,1,0,1,1,0,1,0,0,1,1,1,1,1,0,1,1,1,1,1,1,1,1,0,1,1
syn_r300_0299,1,1,1,1,1,1,1,1,1,0,1,1,1,1,1,1,1,1,1,1,1,1,1,1,1,1,1,1,1,1,1,1,1,1,1,1,0,1,1,0,1,1,1,1,1,0,1,1,0,0,0,0,1,1,1,1,1,1,1,1,1,1,0,1,1,1,1,1,1,1,1,1,1,1,1,1,1,1,1,1,1,1,1,1,1,1,1,1,1,0,1,1,1,1,1,1,1,1
syn_r300_0300,1,1,1,1,1,0,1,1,0,1,1,1,0,1,1,1,1,1,1,1,1,1,1,1,1,1,1,1,0,1,0,1,1,1,1,1,1,0,1,1,1,0,1,1,1,1,1,1,1,1,0,1,1,0,1,1,1,1,1,0,1,1,1,0,1,1,0,1,0,1,1,0,1,1,1,1,1,1,1,1,1,1,1,0,1,1,1,0,1,1,1,1,0,1,1,1,1,1
